date,salt,rjy,temp
2022/7/14 0:00,31.98780032,6.569258907,18.16008392
2022/7/14 1:00,31.98937085,6.733575546,18.03682793
2022/7/14 2:00,31.99037259,6.725927692,18.01478776
2022/7/14 3:00,31.98671683,6.687824118,18.0453834
2022/7/14 4:00,31.98554852,6.662081091,18.03897228
2022/7/14 5:00,31.98445116,6.620895717,18.05665528
2022/7/14 6:00,31.98760379,6.555891139,18.09980653
2022/7/14 7:00,31.98617682,6.48548701,18.14628781
2022/7/14 8:00,31.98418905,6.38850003,18.16583693
2022/7/14 9:00,31.98518683,6.454113211,18.16816905
2022/7/14 10:00,31.98887914,6.569746844,18.21912206
2022/7/14 11:00,31.98853987,6.722140767,18.02034581
2022/7/14 12:00,31.98849379,6.948043282,17.81332204
2022/7/14 13:00,31.98887585,6.779085325,18.03639919
2022/7/14 14:00,31.99291002,6.662655096,18.18120784
2022/7/14 15:00,31.99324776,6.652410432,18.20101203
2022/7/14 16:00,31.99228931,6.628707651,18.21606177
2022/7/14 17:00,31.99823136,6.612361035,18.2046177
2022/7/14 18:00,31.99876167,6.615086941,18.229682
2022/7/14 19:00,32.00204849,6.610602375,18.26329464
2022/7/14 20:00,31.99645939,6.636326405,18.26483474
2022/7/14 21:00,31.99557481,6.619296659,18.25430323
2022/7/14 22:00,31.99472828,6.610235174,18.26282197
2022/7/14 23:00,31.99426762,6.596443844,18.24162385
2022/7/15 0:00,31.98859563,6.59216832,18.19438258
2022/7/15 1:00,31.98787154,6.636791989,18.14306034
2022/7/15 2:00,31.98540793,6.650132301,18.13935569
2022/7/15 3:00,31.9834366,6.629027037,18.14669624
2022/7/15 4:00,31.9819215,6.602202019,18.17582622
2022/7/15 5:00,31.97993421,6.557629661,18.18908594
2022/7/15 6:00,31.9656022,6.505380186,18.1885766
2022/7/15 7:00,31.96564333,6.467910763,18.22295521
2022/7/15 8:00,31.96560304,6.437875525,18.21730395
2022/7/15 9:00,31.9665057,6.414881182,18.21471199
2022/7/15 10:00,31.96946662,6.471307837,18.18021916
2022/7/15 11:00,31.96980132,6.491357837,18.13699146
2022/7/15 12:00,31.96886341,6.550832602,18.09065909
2022/7/15 13:00,31.97023822,6.520534147,18.14837252
2022/7/15 14:00,31.96593516,6.485312752,18.1809732
2022/7/15 15:00,31.96509572,6.497826516,18.17402714
2022/7/15 16:00,31.96823154,6.474337347,18.14588046
2022/7/15 17:00,31.96723225,6.486490065,18.11063771
2022/7/15 18:00,31.96710768,6.487213019,18.11195784
2022/7/15 19:00,31.97022694,6.496919593,18.07246787
2022/7/15 20:00,31.97759308,6.495818392,17.97510009
2022/7/15 21:00,31.97752436,6.514920476,18.00017265
2022/7/15 22:00,31.97444017,6.521905047,18.0123807
2022/7/15 23:00,31.97683288,6.528153218,17.99848966
2022/7/16 0:00,31.97262618,6.524414175,17.97803266
2022/7/16 1:00,31.97078015,6.544272465,17.98403428
2022/7/16 2:00,31.96620078,6.551592342,17.98565676
2022/7/16 3:00,31.94927526,6.533511492,17.98620304
2022/7/16 4:00,31.94585218,6.513509615,17.9795242
2022/7/16 5:00,31.93961646,6.509727157,17.93256181
2022/7/16 6:00,31.93474319,6.496716613,17.91614172
2022/7/16 7:00,31.93768775,6.449384278,17.88140582
2022/7/16 8:00,31.93659362,6.435896537,17.86132639
2022/7/16 9:00,31.93536011,6.446755154,17.8321157
2022/7/16 10:00,31.93306389,6.488861338,17.80432968
2022/7/16 11:00,31.93473012,6.518772588,17.74926896
2022/7/16 12:00,31.9270985,6.541294937,17.75793125
2022/7/16 13:00,31.92146921,6.520264743,17.82834812
2022/7/16 14:00,31.91946655,6.497920878,17.84825581
2022/7/16 15:00,31.92322013,6.467430927,17.86592904
2022/7/16 16:00,31.92349391,6.480697937,17.87270225
2022/7/16 17:00,31.91885501,6.469211317,17.85209279
2022/7/16 18:00,31.91650117,6.473034434,17.80304714
2022/7/16 19:00,31.91421452,6.474426543,17.72544814
2022/7/16 20:00,31.91611625,6.469137479,17.70659005
2022/7/16 21:00,31.91160396,6.47497213,17.69208448
2022/7/16 22:00,31.90766798,6.437609419,17.70428821
2022/7/16 23:00,31.90745209,6.472712794,17.70461122
2022/7/17 0:00,31.90165662,6.474149174,17.67159532
2022/7/17 1:00,31.90303883,6.488425072,17.65502472
2022/7/17 2:00,31.89941381,6.484168835,17.63642593
2022/7/17 3:00,31.88612242,6.475320309,17.60629215
2022/7/17 4:00,31.88367171,6.503251642,17.61607995
2022/7/17 5:00,31.88393263,6.528216813,17.62743198
2022/7/17 6:00,31.88563166,6.506461721,17.63008991
2022/7/17 7:00,31.88106606,6.542711593,17.63043576
2022/7/17 8:00,31.8792694,6.516045128,17.61412934
2022/7/17 9:00,31.87983258,6.532765999,17.6149215
2022/7/17 10:00,31.87810055,6.522039628,17.58018609
2022/7/17 11:00,31.88036158,6.52531162,17.5340731
2022/7/17 12:00,31.88125585,6.55742052,17.48918692
2022/7/17 13:00,31.88048901,6.559929311,17.52060076
2022/7/17 14:00,31.87975802,6.572132867,17.57178623
2022/7/17 15:00,31.87616331,6.555547865,17.6229721
2022/7/17 16:00,31.8734233,6.584952953,17.68366063
2022/7/17 17:00,31.8715767,6.59890955,17.68538958
2022/7/17 18:00,31.87170309,6.601502537,17.74454405
2022/7/17 19:00,31.87009601,6.583939947,17.80918963
2022/7/17 20:00,31.8724929,6.612958684,17.80389243
2022/7/17 21:00,31.87428113,6.589014481,17.81790135
2022/7/17 22:00,31.87478491,6.59118941,17.8355564
2022/7/17 23:00,31.87414652,6.602583426,17.84831698
2022/7/18 0:00,31.87369966,6.613114189,17.86215386
2022/7/18 1:00,31.87518199,6.627205988,17.83102981
2022/7/18 2:00,31.87585964,6.622182716,17.8074489
2022/7/18 3:00,31.87307046,6.646802652,17.78236357
2022/7/18 4:00,31.8723203,6.662888929,17.79774524
2022/7/18 5:00,31.87286318,6.689083205,17.80829341
2022/7/18 6:00,31.87801047,6.703483051,17.82098167
2022/7/18 7:00,31.87701434,6.703648471,17.8315388
2022/7/18 8:00,31.88040467,6.679798508,17.85740506
2022/7/18 9:00,31.88194227,6.666407117,17.87390703
2022/7/18 10:00,31.88471841,6.698129695,17.92064438
2022/7/18 11:00,31.88680456,6.719384662,17.89165999
2022/7/18 12:00,31.88436629,6.753247989,17.87099677
2022/7/18 13:00,31.88576874,6.729064039,17.93356274
2022/7/18 14:00,31.88811404,6.709856649,17.97956065
2022/7/18 15:00,31.8912128,6.70268744,17.99487459
2022/7/18 16:00,31.8912795,6.706125118,18.00838688
2022/7/18 17:00,31.89118433,6.699131162,18.0067508
2022/7/18 18:00,31.89118091,6.704571065,18.03019169
2022/7/18 19:00,31.89063816,6.712662358,18.08426677
2022/7/18 20:00,31.8870403,6.713870678,18.10778081
2022/7/18 21:00,31.88488485,6.70466048,18.09752946
2022/7/18 22:00,31.88489574,6.698217449,18.08151353
2022/7/18 23:00,31.88287648,6.69980191,18.09778849
2022/7/19 0:00,31.87327922,6.678706756,18.1411797
2022/7/19 1:00,31.87141255,6.688520198,18.14383404
2022/7/19 2:00,31.86687711,6.703310251,18.17443435
2022/7/19 3:00,31.86086669,6.685225243,18.18377046
2022/7/19 4:00,31.86018126,6.68022723,18.18030172
2022/7/19 5:00,31.86020079,6.697808575,18.19506294
2022/7/19 6:00,31.85839859,6.676540489,18.18217646
2022/7/19 7:00,31.85671426,6.683435645,18.20660869
2022/7/19 8:00,31.85517855,6.657141568,18.23844647
2022/7/19 9:00,31.85329993,6.648034096,18.2842523
2022/7/19 10:00,31.85301247,6.668732961,18.28481654
2022/7/19 11:00,31.85048855,6.669561987,18.27433324
2022/7/19 12:00,31.84923725,6.704110727,18.26280465
2022/7/19 13:00,31.8488742,6.712141555,18.26358877
2022/7/19 14:00,31.84777019,6.720516762,18.29152322
2022/7/19 15:00,31.84900186,6.715607523,18.292098
2022/7/19 16:00,31.85011657,6.726193195,18.29975196
2022/7/19 17:00,31.85258897,6.747265419,18.2970169
2022/7/19 18:00,31.85270551,6.732868819,18.29647292
2022/7/19 19:00,31.85296921,6.749887747,18.30751167
2022/7/19 20:00,31.85474149,6.749584,18.31041814
2022/7/19 21:00,31.85547311,6.753100935,18.3414204
2022/7/19 22:00,31.85721349,6.742865229,18.3530036
2022/7/19 23:00,31.85836869,6.742177411,18.34457604
2022/7/20 0:00,31.8556715,6.747055129,18.34055859
2022/7/20 1:00,31.85596922,6.757138497,18.33586614
2022/7/20 2:00,31.85636552,6.766815625,18.3301573
2022/7/20 3:00,31.8553281,6.741899657,18.32630464
2022/7/20 4:00,31.85461603,6.738369187,18.32552328
2022/7/20 5:00,31.85319222,6.720115499,18.32535143
2022/7/20 6:00,31.85261958,6.727971851,18.3233214
2022/7/20 7:00,31.85400772,6.727007741,18.32356283
2022/7/20 8:00,31.85094132,6.712660858,18.3375144
2022/7/20 9:00,31.850832,6.725577431,18.35986631
2022/7/20 10:00,31.85708051,6.79758078,18.36704643
2022/7/20 11:00,31.85583148,6.796182549,18.36752284
2022/7/20 12:00,31.85369262,6.791036552,18.37600652
2022/7/20 13:00,31.84997641,6.791588533,18.37670344
2022/7/20 14:00,31.84731013,6.805288086,18.39117873
2022/7/20 15:00,31.84683969,6.792921256,18.41249737
2022/7/20 16:00,31.84767096,6.792218024,18.41968865
2022/7/20 17:00,31.84067278,6.796189742,18.41610002
2022/7/20 18:00,31.84005886,6.789770142,18.43592612
2022/7/20 19:00,31.83974492,6.79662786,18.45183235
2022/7/20 20:00,31.83559966,6.790642611,18.45308251
2022/7/20 21:00,31.83257711,6.764112424,18.46464361
2022/7/20 22:00,31.83132994,6.734129074,18.46836799
2022/7/20 23:00,31.83058886,6.733742602,18.47871036
2022/7/21 0:00,31.82700627,6.739511819,18.55070211
2022/7/21 1:00,31.82654821,6.797803606,18.52013208
2022/7/21 2:00,31.8265231,6.771469112,18.50271893
2022/7/21 3:00,31.82722076,6.766813067,18.48646125
2022/7/21 4:00,31.82689432,6.72693444,18.4710725
2022/7/21 5:00,31.82614386,6.722905949,18.48457899
2022/7/21 6:00,31.82703153,6.70184753,18.49732004
2022/7/21 7:00,31.82609873,6.682086632,18.51808549
2022/7/21 8:00,31.82541802,6.655529859,18.51441472
2022/7/21 9:00,31.82469118,6.67519079,18.49921906
2022/7/21 10:00,31.79189826,6.611060586,18.89756035
2022/7/21 11:00,31.79060021,6.67263116,18.83913719
2022/7/21 12:00,31.79159322,6.751803593,18.76335854
2022/7/21 13:00,31.79213063,6.682800846,18.83679616
2022/7/21 14:00,31.79339666,6.643749282,18.89607745
2022/7/21 15:00,31.79350204,6.641568793,18.90485856
2022/7/21 16:00,31.79309296,6.634164897,18.90798169
2022/7/21 17:00,31.79440877,6.630885452,18.90453051
2022/7/21 18:00,31.79452845,6.633591885,18.90513826
2022/7/21 19:00,31.79508527,6.635152195,18.92921996
2022/7/21 20:00,31.79084796,6.653150317,18.95542635
2022/7/21 21:00,31.79108228,6.634330631,18.92941079
2022/7/21 22:00,31.79135453,6.63084141,18.93192102
2022/7/21 23:00,31.79132099,6.626590312,18.92361478
2022/7/22 0:00,31.79530011,6.64659571,18.86181185
2022/7/22 1:00,31.79522498,6.623609107,18.86135571
2022/7/22 2:00,31.79403913,6.621055895,18.85574689
2022/7/22 3:00,31.79680627,6.623373633,18.80692778
2022/7/22 4:00,31.79637862,6.60584024,18.8105367
2022/7/22 5:00,31.79567588,6.587039029,18.82322315
2022/7/22 6:00,31.79112323,6.587192887,18.81211158
2022/7/22 7:00,31.7916396,6.588728766,18.82201498
2022/7/22 8:00,31.79190967,6.605390837,18.8119308
2022/7/22 9:00,31.79234913,6.56705878,18.81305959
2022/7/22 10:00,31.78588124,6.550249186,18.85991699
2022/7/22 11:00,31.784526,6.521924577,18.90397853
2022/7/22 12:00,31.78515327,6.491840743,18.93870465
2022/7/22 13:00,31.78719354,6.512696892,18.89844623
2022/7/22 14:00,31.78449807,6.521264914,18.88561991
2022/7/22 15:00,31.78390119,6.536443585,18.88147061
2022/7/22 16:00,31.7847316,6.520432109,18.86482657
2022/7/22 17:00,31.78277185,6.534206545,18.85485117
2022/7/22 18:00,31.78215356,6.538248667,18.85122898
2022/7/22 19:00,31.7822428,6.545111753,18.84039782
2022/7/22 20:00,31.78318179,6.547271285,18.81830459
2022/7/22 21:00,31.78297295,6.556889681,18.82346344
2022/7/22 22:00,31.78116834,6.565267474,18.83928047
2022/7/22 23:00,31.78167806,6.569810513,18.84837253
2022/7/23 0:00,31.78400243,6.58970072,18.82774103
2022/7/23 1:00,31.78211257,6.554609175,18.85845403
2022/7/23 2:00,31.77950348,6.555205831,18.85105903
2022/7/23 3:00,31.77123983,6.564544366,18.79699824
2022/7/23 4:00,31.76896842,6.55288841,18.77082417
2022/7/23 5:00,31.76494175,6.552510569,18.74695537
2022/7/23 6:00,31.76089402,6.574433877,18.73426411
2022/7/23 7:00,31.76230028,6.570515895,18.71353337
2022/7/23 8:00,31.76071415,6.590403394,18.71144332
2022/7/23 9:00,31.75845995,6.579101687,18.70239166
2022/7/23 10:00,31.7496762,6.55918914,18.76091407
2022/7/23 11:00,31.74879565,6.543950825,18.79787473
2022/7/23 12:00,31.74324048,6.501122454,18.85695785
2022/7/23 13:00,31.7393059,6.516183055,18.8437369
2022/7/23 14:00,31.73666213,6.530347522,18.82437146
2022/7/23 15:00,31.73851061,6.511622543,18.83197743
2022/7/23 16:00,31.73768298,6.524905421,18.82775068
2022/7/23 17:00,31.73435486,6.51644918,18.82145952
2022/7/23 18:00,31.73202832,6.52244623,18.76666434
2022/7/23 19:00,31.73011147,6.522610664,18.69840644
2022/7/23 20:00,31.73018239,6.513978221,18.7038591
2022/7/23 21:00,31.72682276,6.519392994,18.69797669
2022/7/23 22:00,31.72323461,6.490085864,18.72891309
2022/7/23 23:00,31.72206793,6.510398091,18.74971065
2022/7/24 0:00,31.71801802,6.548506389,18.66409052
2022/7/24 1:00,31.71772376,6.515174863,18.68388274
2022/7/24 2:00,31.7149027,6.509081002,18.66361713
2022/7/24 3:00,31.70800021,6.518465349,18.58655412
2022/7/24 4:00,31.70557042,6.539718202,18.5771265
2022/7/24 5:00,31.70436933,6.559757811,18.58991287
2022/7/24 6:00,31.70320774,6.569638215,18.59150552
2022/7/24 7:00,31.69825925,6.611613123,18.58843839
2022/7/24 8:00,31.69624877,6.614139155,18.57914424
2022/7/24 9:00,31.69508478,6.612629493,18.57613724
2022/7/24 10:00,31.69174413,6.590332647,18.5677248
2022/7/24 11:00,31.69086401,6.565013094,18.59209706
2022/7/24 12:00,31.69142279,6.536578522,18.61438976
2022/7/24 13:00,31.68985529,6.570913343,18.59471149
2022/7/24 14:00,31.68722029,6.597114903,18.6053244
2022/7/24 15:00,31.68248351,6.592809538,18.63672647
2022/7/24 16:00,31.67939731,6.619633265,18.67369983
2022/7/24 17:00,31.67699905,6.63012115,18.68901587
2022/7/24 18:00,31.67669775,6.630898779,18.74823171
2022/7/24 19:00,31.67480313,6.61737007,18.81455876
2022/7/24 20:00,31.6768448,6.637078317,18.824246
2022/7/24 21:00,31.67834739,6.624350339,18.83369654
2022/7/24 22:00,31.67874162,6.628915456,18.85918632
2022/7/24 23:00,31.67884648,6.625622315,18.88934827
2022/7/25 0:00,31.68148327,6.647689585,18.8982649
2022/7/25 1:00,31.68238947,6.625874479,18.90165344
2022/7/25 2:00,31.68335748,6.619634865,18.87340916
2022/7/25 3:00,31.68410572,6.669778462,18.81447461
2022/7/25 4:00,31.68334742,6.687584068,18.80752511
2022/7/25 5:00,31.68333561,6.698453742,18.81787261
2022/7/25 6:00,31.69005824,6.731909804,18.82640509
2022/7/25 7:00,31.68911381,6.739242614,18.82914923
2022/7/25 8:00,31.69331031,6.739938875,18.84768392
2022/7/25 9:00,31.6944211,6.728122847,18.85716961
2022/7/25 10:00,31.69751784,6.733748889,18.89538032
2022/7/25 11:00,31.69849041,6.729325422,18.91759179
2022/7/25 12:00,31.69803794,6.717001997,18.94902993
2022/7/25 13:00,31.69972875,6.717589483,18.9543933
2022/7/25 14:00,31.70155709,6.720156264,18.96045983
2022/7/25 15:00,31.70299807,6.717522367,18.97222725
2022/7/25 16:00,31.70201175,6.718162212,18.98141627
2022/7/25 17:00,31.70213926,6.711478339,19.00124522
2022/7/25 18:00,31.70174055,6.721191334,19.01613645
2022/7/25 19:00,31.70044482,6.722231248,19.05898373
2022/7/25 20:00,31.69584771,6.724760919,19.10885854
2022/7/25 21:00,31.69519035,6.72135525,19.10503684
2022/7/25 22:00,31.69541601,6.719022812,19.10971304
2022/7/25 23:00,31.69277115,6.71382566,19.13485945
2022/7/26 0:00,31.68870366,6.70770122,19.16736745
2022/7/26 1:00,31.68842052,6.701966451,19.16442303
2022/7/26 2:00,31.68684991,6.710543486,19.16122461
2022/7/26 3:00,31.68416305,6.712338709,19.13805453
2022/7/26 4:00,31.68292801,6.71559138,19.12673807
2022/7/26 5:00,31.68247483,6.718650582,19.1505004
2022/7/26 6:00,31.67980264,6.722342028,19.15495952
2022/7/26 7:00,31.67782282,6.735342632,19.17889413
2022/7/26 8:00,31.67712286,6.727523697,19.20520884
2022/7/26 9:00,31.67451083,6.716528402,19.23929817
2022/7/26 10:00,31.67461739,6.716352923,19.25357742
2022/7/26 11:00,31.67106648,6.703749616,19.27906151
2022/7/26 12:00,31.67036489,6.713559467,19.2954352
2022/7/26 13:00,31.66992798,6.72138859,19.27450067
2022/7/26 14:00,31.66795889,6.732852127,19.27575776
2022/7/26 15:00,31.66670452,6.729849135,19.26848455
2022/7/26 16:00,31.66617297,6.731276825,19.2649299
2022/7/26 17:00,31.66761116,6.735903089,19.27802142
2022/7/26 18:00,31.66694724,6.722459437,19.27688139
2022/7/26 19:00,31.66730313,6.728116093,19.28415765
2022/7/26 20:00,31.66720872,6.723215853,19.29162455
2022/7/26 21:00,31.66756688,6.727890854,19.32223215
2022/7/26 22:00,31.66750165,6.724327338,19.35044755
2022/7/26 23:00,31.6668697,6.711234606,19.36663963
2022/7/27 0:00,31.66495221,6.719079024,19.37218608
2022/7/27 1:00,31.66397675,6.713782614,19.37833043
2022/7/27 2:00,31.66360009,6.718562025,19.3682545
2022/7/27 3:00,31.66406805,6.71604826,19.35692427
2022/7/27 4:00,31.66235435,6.71457603,19.35055543
2022/7/27 5:00,31.65978406,6.689584875,19.35611031
2022/7/27 6:00,31.65623791,6.705672731,19.36282818
2022/7/27 7:00,31.65539342,6.698003123,19.36505305
2022/7/27 8:00,31.65365792,6.690946084,19.37991073
2022/7/27 9:00,31.65254481,6.693394049,19.38291004
2022/7/27 10:00,31.65702731,6.738539243,19.384115
2022/7/27 11:00,31.65414903,6.731361911,19.39782854
2022/7/27 12:00,31.6527244,6.718952725,19.42546901
2022/7/27 13:00,31.65005413,6.722093124,19.42151444
2022/7/27 14:00,31.64728666,6.727410601,19.41874143
2022/7/27 15:00,31.64449626,6.718156826,19.42595312
2022/7/27 16:00,31.64364356,6.704807831,19.42220009
2022/7/27 17:00,31.64068168,6.699275083,19.42924701
2022/7/27 18:00,31.63930575,6.6902788,19.44553968
2022/7/27 19:00,31.63853233,6.691941057,19.46064266
2022/7/27 20:00,31.63602253,6.681257834,19.45960071
2022/7/27 21:00,31.63408334,6.672775149,19.47827581
2022/7/27 22:00,31.63327842,6.651701907,19.50505852
2022/7/27 23:00,31.63321046,6.638309288,19.52387462
2022/7/28 0:00,31.63248681,6.628074185,19.64108145
2022/7/28 1:00,31.63215529,6.664006033,19.61397833
2022/7/28 2:00,31.63243513,6.650905283,19.59567733
2022/7/28 3:00,31.63412547,6.653232779,19.585871
2022/7/28 4:00,31.6336278,6.634255047,19.57005273
2022/7/28 5:00,31.63235466,6.608085599,19.58049795
2022/7/28 6:00,31.63257737,6.603329063,19.60545438
2022/7/28 7:00,31.63077275,6.582780753,19.622893
2022/7/28 8:00,31.63140451,6.558889613,19.6304811
2022/7/28 9:00,31.630977,6.583695379,19.62117366
2022/7/28 10:00,31.62564659,6.585918139,19.71482143
2022/7/28 11:00,31.62429958,6.62805653,19.68568721
2022/7/28 12:00,31.62514303,6.684730344,19.64180737
2022/7/28 13:00,31.62582272,6.629778117,19.69018169
2022/7/28 14:00,31.62600658,6.595107741,19.71915843
2022/7/28 15:00,31.62301331,6.589806034,19.71803336
2022/7/28 16:00,31.62127387,6.574497043,19.71199324
2022/7/28 17:00,31.6228078,6.561960021,19.71218035
2022/7/28 18:00,31.62238604,6.567230927,19.70663349
2022/7/28 19:00,31.62232517,6.563297197,19.71458243
2022/7/28 20:00,31.61911271,6.572449168,19.73416922
2022/7/28 21:00,31.61987668,6.564927922,19.72171855
2022/7/28 22:00,31.62012207,6.56644142,19.74469444
2022/7/28 23:00,31.61988561,6.557202826,19.74129904
2022/7/29 0:00,31.62426193,6.568707426,19.69924247
2022/7/29 1:00,31.62442468,6.547349838,19.69465872
2022/7/29 2:00,31.62334023,6.549033983,19.68254011
2022/7/29 3:00,31.62540275,6.556363733,19.65954264
2022/7/29 4:00,31.62428984,6.548716076,19.66816405
2022/7/29 5:00,31.6225711,6.520785931,19.6788944
2022/7/29 6:00,31.61753658,6.532300026,19.68073637
2022/7/29 7:00,31.61649688,6.530981013,19.68140581
2022/7/29 8:00,31.61916687,6.542484714,19.67588295
2022/7/29 9:00,31.61989922,6.518942768,19.67203005
2022/7/29 10:00,31.62071082,6.517775098,19.67182726
2022/7/29 11:00,31.62002358,6.488832981,19.71878564
2022/7/29 12:00,31.6207556,6.465162467,19.75912045
2022/7/29 13:00,31.6225405,6.483741179,19.72228323
2022/7/29 14:00,31.62017887,6.486928759,19.69263991
2022/7/29 15:00,31.61671698,6.493546439,19.67616918
2022/7/29 16:00,31.61580754,6.471211288,19.6546352
2022/7/29 17:00,31.61455172,6.470644844,19.64604634
2022/7/29 18:00,31.61351551,6.47820914,19.63724753
2022/7/29 19:00,31.61289392,6.479728724,19.61954793
2022/7/29 20:00,31.61396376,6.477371145,19.59692799
2022/7/29 21:00,31.61451996,6.495310111,19.6075698
2022/7/29 22:00,31.61266021,6.509041455,19.64016677
2022/7/29 23:00,31.61249609,6.510979786,19.6503915
2022/7/30 0:00,31.61446013,6.524922925,19.64949508
2022/7/30 1:00,31.61283335,6.495134389,19.67154376
2022/7/30 2:00,31.610175,6.50110281,19.66573978
2022/7/30 3:00,31.60300934,6.511383766,19.64997961
2022/7/30 4:00,31.60073117,6.507427619,19.63146758
2022/7/30 5:00,31.59705973,6.494431305,19.61395022
2022/7/30 6:00,31.59230876,6.517563055,19.61591376
2022/7/30 7:00,31.59132666,6.513182643,19.59590454
2022/7/30 8:00,31.59267896,6.52531149,19.60137582
2022/7/30 9:00,31.59140254,6.524930808,19.59139056
2022/7/30 10:00,31.59045456,6.521656984,19.60931871
2022/7/30 11:00,31.59065596,6.50152148,19.65089639
2022/7/30 12:00,31.58589318,6.470193674,19.705494
2022/7/30 13:00,31.58256864,6.48313925,19.68921223
2022/7/30 14:00,31.57976474,6.490433395,19.66001698
2022/7/30 15:00,31.57796939,6.468630431,19.65792166
2022/7/30 16:00,31.57576169,6.471391572,19.646489
2022/7/30 17:00,31.57430132,6.452169791,19.63462626
2022/7/30 18:00,31.57179055,6.46280918,19.57642619
2022/7/30 19:00,31.56959612,6.458473484,19.50477293
2022/7/30 20:00,31.57065716,6.447740069,19.50454613
2022/7/30 21:00,31.5688516,6.461768087,19.50799206
2022/7/30 22:00,31.56592526,6.443053343,19.55471896
2022/7/30 23:00,31.56458886,6.45994787,19.57312678
2022/7/31 0:00,31.55939767,6.494914354,19.4929504
2022/7/31 1:00,31.55874588,6.46733708,19.50935625
2022/7/31 2:00,31.55588157,6.470139573,19.4971904
2022/7/31 3:00,31.54921532,6.473437193,19.47065249
2022/7/31 4:00,31.54651531,6.498897706,19.46968903
2022/7/31 5:00,31.54471865,6.506474962,19.47994556
2022/7/31 6:00,31.54221979,6.519354279,19.49215816
2022/7/31 7:00,31.53604255,6.554638609,19.48409177
2022/7/31 8:00,31.53756945,6.555876682,19.47969274
2022/7/31 9:00,31.53716802,6.563424139,19.47819292
2022/7/31 10:00,31.5416526,6.564359111,19.42096699
2022/7/31 11:00,31.54221535,6.538629542,19.45136988
2022/7/31 12:00,31.54191301,6.517404141,19.48138586
2022/7/31 13:00,31.53954355,6.551432601,19.46522836
2022/7/31 14:00,31.53633235,6.565713327,19.46334974
2022/7/31 15:00,31.52873437,6.556458743,19.48093656
2022/7/31 16:00,31.52491281,6.574966887,19.5012888
2022/7/31 17:00,31.52274249,6.571854542,19.50349537
2022/7/31 18:00,31.52246126,6.579507873,19.54774557
2022/7/31 19:00,31.52056379,6.564383578,19.59337117
2022/7/31 20:00,31.52360813,6.578273006,19.59769958
2022/7/31 21:00,31.52559351,6.575610517,19.61238136
2022/7/31 22:00,31.52583331,6.588302596,19.64705013
2022/7/31 23:00,31.52567351,6.588221091,19.67032139
2022/8/1 0:00,31.5272616,6.603874006,19.69504533
2022/8/1 1:00,31.52791642,6.591223569,19.70198128
2022/8/1 2:00,31.52795146,6.590806736,19.69032764
2022/8/1 3:00,31.52719642,6.627817227,19.68304051
2022/8/1 4:00,31.52571932,6.647046547,19.67808145
2022/8/1 5:00,31.52527084,6.65040971,19.68481507
2022/8/1 6:00,31.53145351,6.677323867,19.69942473
2022/8/1 7:00,31.52880626,6.681112205,19.69856012
2022/8/1 8:00,31.53569242,6.680342614,19.71917693
2022/8/1 9:00,31.53740387,6.680869673,19.73272985
2022/8/1 10:00,31.543815,6.695261602,19.75547615
2022/8/1 11:00,31.54621113,6.691266436,19.77997369
2022/8/1 12:00,31.54529167,6.688638075,19.81686625
2022/8/1 13:00,31.54580769,6.692779518,19.82474982
2022/8/1 14:00,31.54731067,6.690998057,19.81979857
2022/8/1 15:00,31.54576118,6.681543034,19.82551958
2022/8/1 16:00,31.54370813,6.680053437,19.82734011
2022/8/1 17:00,31.54408157,6.664750479,19.83650143
2022/8/1 18:00,31.54329617,6.680390837,19.83828871
2022/8/1 19:00,31.54128452,6.678950885,19.8650145
2022/8/1 20:00,31.53771872,6.683134252,19.9129369
2022/8/1 21:00,31.53769855,6.686665063,19.91517653
2022/8/1 22:00,31.5382749,6.691831434,19.93294554
2022/8/1 23:00,31.53520266,6.691154879,19.94984131
2022/8/2 0:00,31.53128624,6.689029746,19.99264021
2022/8/2 1:00,31.53123636,6.690479204,19.98993544
2022/8/2 2:00,31.52951557,6.700414536,19.99627035
2022/8/2 3:00,31.52600311,6.690874366,20.0104655
2022/8/2 4:00,31.52432446,6.700206578,20.00307224
2022/8/2 5:00,31.5237581,6.700074574,20.02493949
2022/8/2 6:00,31.52083632,6.696965208,20.03395316
2022/8/2 7:00,31.51734265,6.712599129,20.05624495
2022/8/2 8:00,31.51935882,6.708898466,20.08415794
2022/8/2 9:00,31.51753299,6.705881731,20.12464918
2022/8/2 10:00,31.5197886,6.709436339,20.13652588
2022/8/2 11:00,31.51809774,6.697275333,20.164316
2022/8/2 12:00,31.51639053,6.712922841,20.18016629
2022/8/2 13:00,31.51487054,6.721459896,20.16715915
2022/8/2 14:00,31.51269748,6.725520947,20.16208332
2022/8/2 15:00,31.50914873,6.714051904,20.15286358
2022/8/2 16:00,31.50772768,6.712053037,20.14114179
2022/8/2 17:00,31.50848437,6.702529317,20.1392634
2022/8/2 18:00,31.50700502,6.692115231,20.12847712
2022/8/2 19:00,31.50672255,6.691856791,20.12083316
2022/8/2 20:00,31.50692839,6.689527854,20.12719487
2022/8/2 21:00,31.50750892,6.693083481,20.1534559
2022/8/2 22:00,31.50700582,6.699068514,20.18246282
2022/8/2 23:00,31.50524502,6.692832659,20.20009339
2022/8/3 0:00,31.50313468,6.696038187,20.23533196
2022/8/3 1:00,31.50156919,6.696334798,20.24702864
2022/8/3 2:00,31.50045044,6.698793999,20.25464474
2022/8/3 3:00,31.49989202,6.686801387,20.27907107
2022/8/3 4:00,31.49789293,6.685873209,20.27448543
2022/8/3 5:00,31.49556523,6.669796165,20.27475229
2022/8/3 6:00,31.49182285,6.669350215,20.27955295
2022/8/3 7:00,31.48994357,6.660014345,20.2864735
2022/8/3 8:00,31.49052394,6.659746224,20.29976936
2022/8/3 9:00,31.48966337,6.657786259,20.30663971
2022/8/3 10:00,31.49057713,6.67512556,20.29348619
2022/8/3 11:00,31.48836461,6.674225802,20.29765859
2022/8/3 12:00,31.48545387,6.668687097,20.32228827
2022/8/3 13:00,31.48150589,6.675066732,20.32455518
2022/8/3 14:00,31.47896227,6.674214288,20.3220509
2022/8/3 15:00,31.4752646,6.661720546,20.32530861
2022/8/3 16:00,31.47402207,6.650250859,20.31442229
2022/8/3 17:00,31.47164766,6.639011119,20.30597183
2022/8/3 18:00,31.4704527,6.632593211,20.31255549
2022/8/3 19:00,31.46942463,6.629251734,20.31612949
2022/8/3 20:00,31.46766995,6.62377761,20.31568344
2022/8/3 21:00,31.46602828,6.617459387,20.32902941
2022/8/3 22:00,31.46542904,6.604759994,20.34996918
2022/8/3 23:00,31.46494646,6.597086211,20.36563071
2022/8/4 0:00,31.46382695,6.593769833,20.46579397
2022/8/4 1:00,31.46311571,6.620351727,20.45263153
2022/8/4 2:00,31.46248741,6.605605426,20.45305786
2022/8/4 3:00,31.46256788,6.595023317,20.46962102
2022/8/4 4:00,31.46252424,6.579816053,20.45316716
2022/8/4 5:00,31.46202094,6.561934376,20.45332196
2022/8/4 6:00,31.46180768,6.538494381,20.4691598
2022/8/4 7:00,31.46014283,6.519441673,20.48610722
2022/8/4 8:00,31.46159438,6.503352413,20.49236146
2022/8/4 9:00,31.46132711,6.517861335,20.49605259
2022/8/4 10:00,31.45734716,6.522120496,20.56348986
2022/8/4 11:00,31.45689615,6.558959478,20.54184882
2022/8/4 12:00,31.4563318,6.601689326,20.51022288
2022/8/4 13:00,31.45575842,6.564193323,20.54484657
2022/8/4 14:00,31.45575544,6.535413496,20.56723849
2022/8/4 15:00,31.45319577,6.526848454,20.56530837
2022/8/4 16:00,31.45211329,6.51401318,20.55577751
2022/8/4 17:00,31.45310971,6.502311739,20.53996666
2022/8/4 18:00,31.45278309,6.506582937,20.53090844
2022/8/4 19:00,31.45237967,6.49782499,20.52114059
2022/8/4 20:00,31.45019905,6.508791891,20.53796146
2022/8/4 21:00,31.45038186,6.496634217,20.52826251
2022/8/4 22:00,31.45076231,6.502849408,20.53997992
2022/8/4 23:00,31.45034401,6.49797344,20.53547223
2022/8/5 0:00,31.4544275,6.512248079,20.51354307
2022/8/5 1:00,31.45462288,6.496896986,20.51380655
2022/8/5 2:00,31.45303182,6.494003022,20.51440136
2022/8/5 3:00,31.45376098,6.485579081,20.51196691
2022/8/5 4:00,31.45352622,6.480867062,20.51710191
2022/8/5 5:00,31.45265403,6.468045526,20.51647978
2022/8/5 6:00,31.44922236,6.460930351,20.50964928
2022/8/5 7:00,31.44888137,6.456085339,20.50538334
2022/8/5 8:00,31.45109043,6.466894847,20.49775016
2022/8/5 9:00,31.45203966,6.441743686,20.50636517
2022/8/5 10:00,31.45196565,6.441595777,20.50080262
2022/8/5 11:00,31.45174657,6.427004277,20.53155691
2022/8/5 12:00,31.45185945,6.410826165,20.56124479
2022/8/5 13:00,31.45238862,6.431453748,20.53422032
2022/8/5 14:00,31.45140484,6.435965005,20.51266401
2022/8/5 15:00,31.45016828,6.440334496,20.49493336
2022/8/5 16:00,31.44990335,6.421012582,20.47777001
2022/8/5 17:00,31.44843792,6.423555135,20.45810188
2022/8/5 18:00,31.447625,6.428627554,20.45609208
2022/8/5 19:00,31.44671817,6.42552828,20.43482989
2022/8/5 20:00,31.44731609,6.429862371,20.4194739
2022/8/5 21:00,31.44720901,6.436952666,20.42493935
2022/8/5 22:00,31.44528732,6.454704236,20.43955481
2022/8/5 23:00,31.44468998,6.459219723,20.45027495
2022/8/6 0:00,31.44630803,6.481132554,20.46602961
2022/8/6 1:00,31.44469543,6.457230101,20.4882194
2022/8/6 2:00,31.44140958,6.458876031,20.49728384
2022/8/6 3:00,31.4355207,6.455261591,20.49675084
2022/8/6 4:00,31.4351236,6.452214133,20.4749254
2022/8/6 5:00,31.43374637,6.450676887,20.45545172
2022/8/6 6:00,31.4305193,6.450524633,20.4506253
2022/8/6 7:00,31.43011456,6.443041207,20.43572428
2022/8/6 8:00,31.4297486,6.452672464,20.44073408
2022/8/6 9:00,31.42896359,6.442567944,20.4447266
2022/8/6 10:00,31.42697591,6.439036522,20.45813353
2022/8/6 11:00,31.42704275,6.42951446,20.48667175
2022/8/6 12:00,31.42291632,6.406527476,20.52174627
2022/8/6 13:00,31.41979431,6.419563708,20.50658831
2022/8/6 14:00,31.41799895,6.430438475,20.49306828
2022/8/6 15:00,31.41872857,6.418025565,20.49372905
2022/8/6 16:00,31.4176469,6.416594829,20.48790847
2022/8/6 17:00,31.41701005,6.410792155,20.4645812
2022/8/6 18:00,31.41490006,6.418464793,20.42526004
2022/8/6 19:00,31.41296451,6.41111573,20.35937343
2022/8/6 20:00,31.41383506,6.408251703,20.36211151
2022/8/6 21:00,31.41191172,6.409401245,20.36542074
2022/8/6 22:00,31.40944018,6.398725115,20.39346395
2022/8/6 23:00,31.40839379,6.413152683,20.41287062
2022/8/7 0:00,31.40265185,6.456996361,20.33413555
2022/8/7 1:00,31.40124221,6.43327484,20.35391917
2022/8/7 2:00,31.39748192,6.436912487,20.35856355
2022/8/7 3:00,31.39180977,6.424923043,20.3484343
2022/8/7 4:00,31.39087173,6.44762426,20.34525459
2022/8/7 5:00,31.39032658,6.464073935,20.34634636
2022/8/7 6:00,31.38864972,6.463259876,20.34962487
2022/8/7 7:00,31.38446138,6.487529465,20.34011811
2022/8/7 8:00,31.38353727,6.490560087,20.33308807
2022/8/7 9:00,31.38321116,6.485174581,20.34426667
2022/8/7 10:00,31.38707819,6.493498817,20.26394883
2022/8/7 11:00,31.38712196,6.481672824,20.28452758
2022/8/7 12:00,31.38630473,6.462658927,20.30771762
2022/8/7 13:00,31.3834573,6.495132442,20.29903514
2022/8/7 14:00,31.38091795,6.50979916,20.30957115
2022/8/7 15:00,31.37703389,6.512913883,20.3269636
2022/8/7 16:00,31.37476301,6.52470394,20.34670723
2022/8/7 17:00,31.37187844,6.537645885,20.33530208
2022/8/7 18:00,31.37201349,6.543652875,20.39639521
2022/8/7 19:00,31.37061267,6.53016583,20.4367552
2022/8/7 20:00,31.37311159,6.545343324,20.44301159
2022/8/7 21:00,31.37389091,6.530547702,20.45580374
2022/8/7 22:00,31.37368117,6.547280765,20.46941966
2022/8/7 23:00,31.37398622,6.547547464,20.4908288
2022/8/8 0:00,31.37490634,6.566847188,20.51600489
2022/8/8 1:00,31.37473079,6.559352495,20.53026202
2022/8/8 2:00,31.37254033,6.560937896,20.54052379
2022/8/8 3:00,31.37142998,6.580607226,20.54690699
2022/8/8 4:00,31.37127979,6.5936359,20.53714533
2022/8/8 5:00,31.37199563,6.605505549,20.53542453
2022/8/8 6:00,31.37952979,6.619225917,20.53983222
2022/8/8 7:00,31.37842183,6.614775866,20.5372944
2022/8/8 8:00,31.38159,6.612001121,20.55378267
2022/8/8 9:00,31.38338455,6.605323219,20.57788815
2022/8/8 10:00,31.38640657,6.615369575,20.59126754
2022/8/8 11:00,31.3880885,6.621712921,20.60616738
2022/8/8 12:00,31.38742906,6.622113852,20.63546756
2022/8/8 13:00,31.38778932,6.625479874,20.64891208
2022/8/8 14:00,31.390137,6.63312873,20.65422854
2022/8/8 15:00,31.39194844,6.636796476,20.66846589
2022/8/8 16:00,31.39077623,6.630328163,20.68097141
2022/8/8 17:00,31.39031737,6.639330154,20.68298702
2022/8/8 18:00,31.38942723,6.652622002,20.71007053
2022/8/8 19:00,31.3871091,6.654146627,20.741121
2022/8/8 20:00,31.38311176,6.663209968,20.79096819
2022/8/8 21:00,31.3824256,6.652286669,20.79419072
2022/8/8 22:00,31.38312408,6.6589862,20.80099649
2022/8/8 23:00,31.38064827,6.658091618,20.81335002
2022/8/9 0:00,31.37698422,6.665447309,20.83558222
2022/8/9 1:00,31.37662025,6.669140264,20.83270323
2022/8/9 2:00,31.37308975,6.680677071,20.85065257
2022/8/9 3:00,31.37010435,6.660458084,20.86522781
2022/8/9 4:00,31.3700054,6.666515402,20.8605659
2022/8/9 5:00,31.37076559,6.673037464,20.87765488
2022/8/9 6:00,31.36972926,6.667752476,20.87888366
2022/8/9 7:00,31.36766523,6.683128808,20.89914946
2022/8/9 8:00,31.36653581,6.679431818,20.92371507
2022/8/9 9:00,31.36541426,6.670625761,20.97123363
2022/8/9 10:00,31.36439188,6.664492849,20.97982697
2022/8/9 11:00,31.36273167,6.656592392,21.00273494
2022/8/9 12:00,31.36091194,6.671166845,21.00683748
2022/8/9 13:00,31.35986768,6.673164746,21.00366413
2022/8/9 14:00,31.35859803,6.683549011,21.00870256
2022/8/9 15:00,31.35832793,6.683686459,21.01388828
2022/8/9 16:00,31.35734809,6.672071844,21.01424006
2022/8/9 17:00,31.35617253,6.681508616,21.00500753
2022/8/9 18:00,31.35405645,6.667360482,21.02543115
2022/8/9 19:00,31.35326083,6.668640385,21.02863882
2022/8/9 20:00,31.35235568,6.66846013,21.03703215
2022/8/9 21:00,31.35240163,6.651827067,21.0551169
2022/8/9 22:00,31.35140673,6.659345014,21.06868157
2022/8/9 23:00,31.34959195,6.654665404,21.08884182
2022/8/10 0:00,31.34618429,6.656878216,21.09561315
2022/8/10 1:00,31.34352119,6.657225153,21.10834556
2022/8/10 2:00,31.33968934,6.661097961,21.13331002
2022/8/10 3:00,31.33957195,6.645495504,21.16152538
2022/8/10 4:00,31.33917855,6.633780435,21.1651416
2022/8/10 5:00,31.33836925,6.629992263,21.16109442
2022/8/10 6:00,31.33669114,6.628500695,21.15681773
2022/8/10 7:00,31.33615995,6.618918135,21.16766621
2022/8/10 8:00,31.33462544,6.618308293,21.17729112
2022/8/10 9:00,31.33452587,6.60543805,21.18401521
2022/8/10 10:00,31.32757519,6.577583974,21.15689048
2022/8/10 11:00,31.324957,6.578692307,21.15114138
2022/8/10 12:00,31.3214634,6.573355462,21.16379952
2022/8/10 13:00,31.3181742,6.573806747,21.17299988
2022/8/10 14:00,31.31682497,6.57933427,21.18131745
2022/8/10 15:00,31.31666743,6.580897539,21.19879553
2022/8/10 16:00,31.31575371,6.563695582,21.20250972
2022/8/10 17:00,31.31257229,6.576265909,21.19085195
2022/8/10 18:00,31.31174984,6.56746559,21.22518832
2022/8/10 19:00,31.31032039,6.567819838,21.24646116
2022/8/10 20:00,31.30840519,6.563281492,21.2505233
2022/8/10 21:00,31.30708704,6.54432337,21.25689565
2022/8/10 22:00,31.3069055,6.529840329,21.26490562
2022/8/10 23:00,31.30697732,6.522634059,21.27507686
2022/8/11 0:00,31.30153265,6.536175186,21.25214356
2022/8/11 1:00,31.2999873,6.546586616,21.24684896
2022/8/11 2:00,31.29635519,6.535085922,21.26488878
2022/8/11 3:00,31.29635712,6.522052857,21.2833755
2022/8/11 4:00,31.29849633,6.496811308,21.28191728
2022/8/11 5:00,31.2998309,6.484925355,21.27769062
2022/8/11 6:00,31.30171769,6.467542455,21.28331406
2022/8/11 7:00,31.30193229,6.456332916,21.30023357
2022/8/11 8:00,31.30181278,6.439181511,21.30712168
2022/8/11 9:00,31.30276122,6.444498198,21.31621974
2022/8/11 10:00,31.29662825,6.428844812,21.36231182
2022/8/11 11:00,31.29701484,6.44719889,21.35488683
2022/8/11 12:00,31.29577768,6.469064263,21.33018255
2022/8/11 13:00,31.29593433,6.440029557,21.35072853
2022/8/11 14:00,31.29641525,6.427405789,21.36996456
2022/8/11 15:00,31.29752546,6.427854505,21.38631484
2022/8/11 16:00,31.29727443,6.411359451,21.39580108
2022/8/11 17:00,31.29598908,6.423016331,21.38199931
2022/8/11 18:00,31.29596978,6.423017815,21.39694539
2022/8/11 19:00,31.29458914,6.418731322,21.39960292
2022/8/11 20:00,31.29333391,6.423726256,21.42120143
2022/8/11 21:00,31.29373931,6.398743356,21.41310556
2022/8/11 22:00,31.29475512,6.397610291,21.41352694
2022/8/11 23:00,31.29482935,6.392620027,21.40145028
2022/8/12 0:00,31.29219576,6.423993411,21.25552023
2022/8/12 1:00,31.2920583,6.406996625,21.25325353
2022/8/12 2:00,31.28809139,6.402561954,21.26438805
2022/8/12 3:00,31.28901446,6.393835438,21.2645496
2022/8/12 4:00,31.29107876,6.377659032,21.28871589
2022/8/12 5:00,31.29190502,6.372899228,21.28823287
2022/8/12 6:00,31.29375131,6.37896757,21.27737401
2022/8/12 7:00,31.29510456,6.383074632,21.27122738
2022/8/12 8:00,31.2966176,6.384407214,21.26827739
2022/8/12 9:00,31.2991225,6.366347788,21.28061981
2022/8/12 10:00,31.2956151,6.340843481,21.2791694
2022/8/12 11:00,31.29674151,6.319964356,21.30477044
2022/8/12 12:00,31.29671018,6.305292589,21.31958056
2022/8/12 13:00,31.29781539,6.319277005,21.29975559
2022/8/12 14:00,31.29871223,6.331695881,21.28228343
2022/8/12 15:00,31.3017518,6.339116542,21.28223669
2022/8/12 16:00,31.30169888,6.32028529,21.29217718
2022/8/12 17:00,31.29816769,6.338570983,21.28557569
2022/8/12 18:00,31.29784584,6.340197104,21.30193937
2022/8/12 19:00,31.29548387,6.340879946,21.30513291
2022/8/12 20:00,31.29592539,6.341779957,21.31379247
2022/8/12 21:00,31.29660114,6.337974857,21.31227259
2022/8/12 22:00,31.2954108,6.346308607,21.31383441
2022/8/12 23:00,31.29441546,6.349873238,21.31382112
2022/8/13 0:00,31.28778996,6.393815365,21.18654493
2022/8/13 1:00,31.28600451,6.369236469,21.19666032
2022/8/13 2:00,31.28113639,6.366065651,21.21403985
2022/8/13 3:00,31.27826113,6.368468586,21.21357268
2022/8/13 4:00,31.28063392,6.353595104,21.2137086
2022/8/13 5:00,31.28210621,6.352133942,21.20981177
2022/8/13 6:00,31.2851246,6.364359764,21.20854217
2022/8/13 7:00,31.28549296,6.372997841,21.20730177
2022/8/13 8:00,31.28494609,6.372500469,21.2251625
2022/8/13 9:00,31.28579094,6.367439932,21.23675801
2022/8/13 10:00,31.28140021,6.336279793,21.26036389
2022/8/13 11:00,31.28270847,6.312833474,21.28832829
2022/8/13 12:00,31.27931615,6.295575494,21.29671554
2022/8/13 13:00,31.27788662,6.298898015,21.27873244
2022/8/13 14:00,31.27745089,6.314743121,21.26993087
2022/8/13 15:00,31.28156184,6.30940075,21.28908357
2022/8/13 16:00,31.28070432,6.306550067,21.30870506
2022/8/13 17:00,31.27935053,6.314724533,21.30308078
2022/8/13 18:00,31.27807895,6.321079403,21.27607394
2022/8/13 19:00,31.27511736,6.317381553,21.23871149
2022/8/13 20:00,31.27630733,6.310209053,21.27064395
2022/8/13 21:00,31.27603589,6.307968505,21.27260867
2022/8/13 22:00,31.27489022,6.291115315,21.29127567
2022/8/13 23:00,31.27336508,6.299132767,21.29727082
2022/8/14 0:00,31.23191166,6.55603065,20.6787171
2022/8/14 1:00,31.22778301,6.516677575,20.71613916
2022/8/14 2:00,31.2212857,6.512717002,20.73179439
2022/8/14 3:00,31.21746458,6.517021474,20.74081862
2022/8/14 4:00,31.21876658,6.511745488,20.7805404
2022/8/14 5:00,31.21836675,6.535988948,20.7900675
2022/8/14 6:00,31.21638959,6.55460798,20.78921834
2022/8/14 7:00,31.21461695,6.591770811,20.78693536
2022/8/14 8:00,31.21533849,6.60369973,20.77865064
2022/8/14 9:00,31.21505371,6.595342103,20.77567945
2022/8/14 10:00,31.20728062,6.524265098,20.76809508
2022/8/14 11:00,31.20962402,6.484959473,20.80809655
2022/8/14 12:00,31.20825819,6.444748589,20.84062684
2022/8/14 13:00,31.20484472,6.493964205,20.82239864
2022/8/14 14:00,31.20008301,6.525381662,20.80868217
2022/8/14 15:00,31.20052283,6.535285019,20.83017689
2022/8/14 16:00,31.20068169,6.560368002,20.8619741
2022/8/14 17:00,31.19165956,6.585134366,20.87236089
2022/8/14 18:00,31.19260686,6.591319821,20.91529837
2022/8/14 19:00,31.18921455,6.590254847,20.9496178
2022/8/14 20:00,31.19768594,6.590352151,20.97320427
2022/8/14 21:00,31.20037339,6.589228408,20.97881307
2022/8/14 22:00,31.20037436,6.600817467,20.97157304
2022/8/14 23:00,31.20098661,6.611568181,20.9716582
2022/8/15 0:00,31.19820805,6.607320676,20.94964539
2022/8/15 1:00,31.198455,6.612766795,20.95314762
2022/8/15 2:00,31.19602482,6.595645244,20.97614262
2022/8/15 3:00,31.19497859,6.627091157,20.984743
2022/8/15 4:00,31.1955294,6.638337832,20.98662309
2022/8/15 5:00,31.19748537,6.652357742,21.00680137
2022/8/15 6:00,31.22387033,6.697795374,21.02671227
2022/8/15 7:00,31.22361656,6.71170819,21.03769941
2022/8/15 8:00,31.22630197,6.708279879,21.07446624
2022/8/15 9:00,31.22797261,6.722558172,21.11476576
2022/8/15 10:00,31.23120923,6.724249136,21.12833421
2022/8/15 11:00,31.23306684,6.730101221,21.12586795
2022/8/15 12:00,31.2324302,6.748787085,21.13035913
2022/8/15 13:00,31.23352845,6.727598005,21.15400407
2022/8/15 14:00,31.23931374,6.724422694,21.17055957
2022/8/15 15:00,31.24388368,6.723675047,21.2230695
2022/8/15 16:00,31.23967696,6.722938107,21.28939545
2022/8/15 17:00,31.23929983,6.730877835,21.34230668
2022/8/15 18:00,31.23827844,6.753127271,21.37178044
2022/8/15 19:00,31.23215964,6.754031766,21.45107213
2022/8/15 20:00,31.22101141,6.762469183,21.61295119
2022/8/15 21:00,31.21963876,6.758158338,21.61318699
2022/8/15 22:00,31.22166581,6.750127871,21.63021399
2022/8/15 23:00,31.21538399,6.744710445,21.63576492
2022/8/16 0:00,31.20857127,6.734166676,21.64130377
2022/8/16 1:00,31.20770399,6.75125278,21.59583781
2022/8/16 2:00,31.20742317,6.757999261,21.59736753
2022/8/16 3:00,31.20911352,6.759046253,21.60058465
2022/8/16 4:00,31.20792687,6.769654893,21.61817988
2022/8/16 5:00,31.20895904,6.754388059,21.68691503
2022/8/16 6:00,31.21073644,6.768237307,21.71847549
2022/8/16 7:00,31.20677915,6.830049278,21.80122054
2022/8/16 8:00,31.20420982,6.822333806,21.88101315
2022/8/16 9:00,31.20059122,6.823568769,21.97550088
2022/8/16 10:00,31.19966987,6.798966094,22.03281146
2022/8/16 11:00,31.19688753,6.78454203,22.069702
2022/8/16 12:00,31.19382498,6.823741923,22.02577172
2022/8/16 13:00,31.19345004,6.792563043,22.04336822
2022/8/16 14:00,31.19183178,6.794259099,22.04286222
2022/8/16 15:00,31.19038523,6.787200518,22.0550023
2022/8/16 16:00,31.18819808,6.783716819,22.06012825
2022/8/16 17:00,31.18819391,6.778368544,22.07542973
2022/8/16 18:00,31.18616656,6.771402012,22.0800846
2022/8/16 19:00,31.18716816,6.774586453,22.08016677
2022/8/16 20:00,31.1855421,6.755679096,22.11472876
2022/8/16 21:00,31.18540814,6.755701257,22.15972798
2022/8/16 22:00,31.18158784,6.753806099,22.19912005
2022/8/16 23:00,31.17557052,6.734947538,22.2166154
2022/8/17 0:00,31.16760338,6.728125123,22.18434082
2022/8/17 1:00,31.16199906,6.736235427,22.18834833
2022/8/17 2:00,31.15989099,6.734331774,22.21106157
2022/8/17 3:00,31.16163869,6.730635622,22.22380272
2022/8/17 4:00,31.15790885,6.692606109,22.2394339
2022/8/17 5:00,31.15240889,6.67498598,22.25457676
2022/8/17 6:00,31.14780419,6.669407409,22.25863421
2022/8/17 7:00,31.14543015,6.657975794,22.30507596
2022/8/17 8:00,31.14286904,6.652270132,22.34046274
2022/8/17 9:00,31.13858313,6.642569259,22.34001985
2022/8/17 10:00,31.12895558,6.616670727,22.32356792
2022/8/17 11:00,31.1224437,6.624170379,22.30049122
2022/8/17 12:00,31.1154456,6.632153598,22.29756594
2022/8/17 13:00,31.10991966,6.616498801,22.3374843
2022/8/17 14:00,31.10674097,6.597441725,22.33329727
2022/8/17 15:00,31.1052678,6.596424816,22.33930954
2022/8/17 16:00,31.1040601,6.594059612,22.33086395
2022/8/17 17:00,31.1035833,6.591085111,22.34204705
2022/8/17 18:00,31.10265089,6.580075319,22.38074475
2022/8/17 19:00,31.10164449,6.59094118,22.41568701
2022/8/17 20:00,31.10176104,6.57004446,22.42926366
2022/8/17 21:00,31.09907984,6.588462694,22.43332232
2022/8/17 22:00,31.09696857,6.558938261,22.44473159
2022/8/17 23:00,31.0965164,6.533239555,22.44872617
2022/8/18 0:00,31.09611951,6.510486364,22.45538638
2022/8/18 1:00,31.09412534,6.508206345,22.45155106
2022/8/18 2:00,31.09388593,6.499074238,22.44968376
2022/8/18 3:00,31.09370592,6.515620604,22.45680354
2022/8/18 4:00,31.09369626,6.488071429,22.45793252
2022/8/18 5:00,31.09262751,6.446204581,22.46105167
2022/8/18 6:00,31.09729443,6.409087507,22.45353677
2022/8/18 7:00,31.09846154,6.41051532,22.48021221
2022/8/18 8:00,31.1000109,6.399920493,22.478409
2022/8/18 9:00,31.09921049,6.423614561,22.47844813
2022/8/18 10:00,31.10185277,6.41408095,22.44570336
2022/8/18 11:00,31.10221928,6.418557357,22.43331361
2022/8/18 12:00,31.10118386,6.423436671,22.41323728
2022/8/18 13:00,31.10135448,6.399542303,22.39733271
2022/8/18 14:00,31.10142066,6.392357324,22.38493081
2022/8/18 15:00,31.1011507,6.376644181,22.40418132
2022/8/18 16:00,31.10155667,6.373485608,22.4129988
2022/8/18 17:00,31.10426568,6.374635509,22.42112612
2022/8/18 18:00,31.10491261,6.380893306,22.4181229
2022/8/18 19:00,31.10461422,6.368995246,22.39215892
2022/8/18 20:00,31.10425233,6.367814623,22.43197413
2022/8/18 21:00,31.10478652,6.36356232,22.44048921
2022/8/18 22:00,31.10283038,6.351032334,22.44645161
2022/8/18 23:00,31.10008666,6.345119293,22.42199322
2022/8/19 0:00,31.11054238,6.335565859,22.36260904
2022/8/19 1:00,31.11393254,6.336790025,22.30948356
2022/8/19 2:00,31.11796488,6.328373622,22.25945326
2022/8/19 3:00,31.11810862,6.325891081,22.25096412
2022/8/19 4:00,31.11707276,6.31117041,22.28326449
2022/8/19 5:00,31.11579555,6.293302848,22.29656015
2022/8/19 6:00,31.11647876,6.283551751,22.29982491
2022/8/19 7:00,31.11881215,6.290990754,22.29922803
2022/8/19 8:00,31.12022121,6.289530192,22.27771241
2022/8/19 9:00,31.1198059,6.283937679,22.26820757
2022/8/19 10:00,31.12089609,6.26334419,22.24824359
2022/8/19 11:00,31.12009252,6.259822405,22.24145684
2022/8/19 12:00,31.11954958,6.260176455,22.24046419
2022/8/19 13:00,31.11930972,6.251920035,22.23006636
2022/8/19 14:00,31.12024347,6.253973942,22.20771681
2022/8/19 15:00,31.12139867,6.244399418,22.19371399
2022/8/19 16:00,31.12132802,6.238174421,22.1943865
2022/8/19 17:00,31.12185962,6.230741335,22.20864543
2022/8/19 18:00,31.12229066,6.230424914,22.22284444
2022/8/19 19:00,31.12244653,6.221372739,22.22624494
2022/8/19 20:00,31.12155787,6.217219484,22.22178967
2022/8/19 21:00,31.11855216,6.224814531,22.22667666
2022/8/19 22:00,31.11139438,6.224963378,22.22973729
2022/8/19 23:00,31.10657696,6.214694197,22.24320238
2022/8/20 0:00,31.10815312,6.232471061,22.22647802
2022/8/20 1:00,31.10645825,6.208120797,22.22594257
2022/8/20 2:00,31.10376564,6.205304562,22.22973284
2022/8/20 3:00,31.10077264,6.215021438,22.23343407
2022/8/20 4:00,31.10050816,6.201595649,22.23318377
2022/8/20 5:00,31.10037311,6.189705929,22.24904661
2022/8/20 6:00,31.09736645,6.159665802,22.24795234
2022/8/20 7:00,31.09501361,6.158059256,22.25181645
2022/8/20 8:00,31.09318724,6.144651714,22.26058553
2022/8/20 9:00,31.09149862,6.133542085,22.2445263
2022/8/20 10:00,31.0951254,6.143316089,22.24298539
2022/8/20 11:00,31.0936231,6.135201793,22.23523925
2022/8/20 12:00,31.09284897,6.138104276,22.234251
2022/8/20 13:00,31.09402861,6.136735971,22.23256128
2022/8/20 14:00,31.09398428,6.132947039,22.23770005
2022/8/20 15:00,31.09586055,6.118032773,22.2411405
2022/8/20 16:00,31.0953288,6.108216946,22.25103968
2022/8/20 17:00,31.10641117,6.104172898,22.26084066
2022/8/20 18:00,31.10411332,6.094047574,22.24255757
2022/8/20 19:00,31.10254906,6.088774917,22.21926043
2022/8/20 20:00,31.10764871,6.082991675,22.22067083
2022/8/20 21:00,31.10588594,6.104785869,22.24552586
2022/8/20 22:00,31.1019471,6.093162126,22.27781764
2022/8/20 23:00,31.10093081,6.082705969,22.29264356
2022/8/21 0:00,31.10065147,6.079696151,22.33567375
2022/8/21 1:00,31.10031905,6.051383278,22.32553101
2022/8/21 2:00,31.10036849,6.082755535,22.33074527
2022/8/21 3:00,31.0989116,6.061946334,22.33367623
2022/8/21 4:00,31.09823572,6.103247019,22.35138502
2022/8/21 5:00,31.09769955,6.085716024,22.36895983
2022/8/21 6:00,31.09941162,6.088655663,22.38865081
2022/8/21 7:00,31.0969119,6.109755248,22.39029795
2022/8/21 8:00,31.09404229,6.103245435,22.40232778
2022/8/21 9:00,31.09339692,6.115354242,22.42900184
2022/8/21 10:00,31.14837146,6.271814124,21.74803335
2022/8/21 11:00,31.14664085,6.266822164,21.7422794
2022/8/21 12:00,31.14560518,6.255425569,21.7659897
2022/8/21 13:00,31.14389441,6.276049185,21.77268824
2022/8/21 14:00,31.14146133,6.273873455,21.78610462
2022/8/21 15:00,31.13842596,6.268657293,21.79759143
2022/8/21 16:00,31.13686411,6.281154776,21.81302169
2022/8/21 17:00,31.1379626,6.28548395,21.82846127
2022/8/21 18:00,31.13862929,6.285835004,21.88070194
2022/8/21 19:00,31.1384201,6.277978979,21.92221763
2022/8/21 20:00,31.14189847,6.281286604,21.93261779
2022/8/21 21:00,31.14033549,6.287365365,21.95881509
2022/8/21 22:00,31.13582385,6.297107708,21.96997955
2022/8/21 23:00,31.13443107,6.290102576,21.98691342
2022/8/22 0:00,31.13573901,6.29584972,22.01865824
2022/8/22 1:00,31.13591325,6.290159745,22.03200864
2022/8/22 2:00,31.13483499,6.30012801,22.04923756
2022/8/22 3:00,31.13314401,6.314794865,22.07654671
2022/8/22 4:00,31.13085964,6.326391743,22.08225992
2022/8/22 5:00,31.13045568,6.323588595,22.1030602
2022/8/22 6:00,31.13744576,6.32743677,22.11760516
2022/8/22 7:00,31.1355338,6.325648921,22.12752322
2022/8/22 8:00,31.13563679,6.320620801,22.14777944
2022/8/22 9:00,31.13521858,6.328416438,22.16745409
2022/8/22 10:00,31.14637149,6.36775216,22.06396609
2022/8/22 11:00,31.14553362,6.378705835,22.04819866
2022/8/22 12:00,31.14607953,6.388276501,22.08281442
2022/8/22 13:00,31.1477002,6.388778102,22.11090817
2022/8/22 14:00,31.1499718,6.392800774,22.11318432
2022/8/22 15:00,31.1504862,6.381628251,22.12748137
2022/8/22 16:00,31.14879806,6.384983252,22.14659644
2022/8/22 17:00,31.15209419,6.389740602,22.18430837
2022/8/22 18:00,31.15068891,6.395010114,22.20220415
2022/8/22 19:00,31.14826422,6.402037012,22.23866166
2022/8/22 20:00,31.14623051,6.408772428,22.28796534
2022/8/22 21:00,31.14414712,6.420070675,22.31141537
2022/8/22 22:00,31.14169355,6.420332073,22.33550598
2022/8/22 23:00,31.13795223,6.415008261,22.341827
2022/8/23 0:00,31.13706286,6.424265651,22.37350732
2022/8/23 1:00,31.13841709,6.427438741,22.36530265
2022/8/23 2:00,31.13802725,6.440960916,22.37106954
2022/8/23 3:00,31.1357091,6.423899687,22.3872356
2022/8/23 4:00,31.13332397,6.441434304,22.40350369
2022/8/23 5:00,31.13296391,6.436269218,22.44697148
2022/8/23 6:00,31.13162082,6.432537615,22.4615549
2022/8/23 7:00,31.12849352,6.460327055,22.49234498
2022/8/23 8:00,31.12549604,6.465456069,22.51981624
2022/8/23 9:00,31.12275037,6.46885601,22.56000235
2022/8/23 10:00,31.12928526,6.487674403,22.46982403
2022/8/23 11:00,31.12618547,6.481301135,22.46149706
2022/8/23 12:00,31.12516957,6.495984836,22.46652126
2022/8/23 13:00,31.12631291,6.48892569,22.48665784
2022/8/23 14:00,31.1251548,6.485714529,22.48786148
2022/8/23 15:00,31.1226951,6.463715141,22.49408945
2022/8/23 16:00,31.12066791,6.456652775,22.49345467
2022/8/23 17:00,31.12096474,6.443715182,22.51338969
2022/8/23 18:00,31.11750525,6.419430306,22.52375167
2022/8/23 19:00,31.11680004,6.419503725,22.53136534
2022/8/23 20:00,31.11604095,6.415219649,22.53900559
2022/8/23 21:00,31.11466178,6.409407963,22.55641511
2022/8/23 22:00,31.10941,6.415941198,22.57361868
2022/8/23 23:00,31.10530045,6.414475421,22.606719
2022/8/24 0:00,31.10526468,6.388082581,22.69082371
2022/8/24 1:00,31.10336918,6.390896279,22.70438056
2022/8/24 2:00,31.10239767,6.391748844,22.72411508
2022/8/24 3:00,31.10250361,6.38810939,22.76495572
2022/8/24 4:00,31.09929266,6.378742936,22.78562777
2022/8/24 5:00,31.09766432,6.381211988,22.80422037
2022/8/24 6:00,31.09450221,6.37027218,22.80622778
2022/8/24 7:00,31.09282244,6.365958583,22.83779699
2022/8/24 8:00,31.09063736,6.379398877,22.84371501
2022/8/24 9:00,31.08812339,6.360659707,22.8318313
2022/8/24 10:00,31.078423,6.285304654,22.71217268
2022/8/24 11:00,31.07255644,6.297092729,22.65387807
2022/8/24 12:00,31.069299,6.296768484,22.66358256
2022/8/24 13:00,31.06833047,6.290823923,22.68833175
2022/8/24 14:00,31.06786588,6.281134868,22.69547454
2022/8/24 15:00,31.06527263,6.266827929,22.70052729
2022/8/24 16:00,31.06337983,6.262903432,22.69381212
2022/8/24 17:00,31.06425279,6.26075951,22.70691359
2022/8/24 18:00,31.06430419,6.246939817,22.72059287
2022/8/24 19:00,31.06444469,6.247406852,22.74508704
2022/8/24 20:00,31.06331038,6.241406207,22.7436778
2022/8/24 21:00,31.06152672,6.244142898,22.75042079
2022/8/24 22:00,31.05855021,6.228580126,22.76204001
2022/8/24 23:00,31.05773255,6.225087679,22.77236753
2022/8/25 0:00,31.05580375,6.221657566,22.77979995
2022/8/25 1:00,31.05584196,6.213522308,22.78426334
2022/8/25 2:00,31.055417,6.20467353,22.78973979
2022/8/25 3:00,31.05441411,6.196218684,22.81505121
2022/8/25 4:00,31.05407745,6.179158195,22.82328942
2022/8/25 5:00,31.05483561,6.165462301,22.83135495
2022/8/25 6:00,31.0519241,6.138269117,22.83320597
2022/8/25 7:00,31.0517375,6.136541996,22.85767646
2022/8/25 8:00,31.05011539,6.131511347,22.86347472
2022/8/25 9:00,31.04863619,6.126321456,22.86665186
2022/8/25 10:00,31.04777078,6.131923275,22.83538294
2022/8/25 11:00,31.04582888,6.139432127,22.8097985
2022/8/25 12:00,31.04471806,6.131939433,22.81280133
2022/8/25 13:00,31.046963,6.122542482,22.81246996
2022/8/25 14:00,31.04687022,6.109397739,22.80813593
2022/8/25 15:00,31.04491158,6.091915275,22.80441859
2022/8/25 16:00,31.0450692,6.088840481,22.79332307
2022/8/25 17:00,31.04614134,6.088294796,22.79670298
2022/8/25 18:00,31.04684514,6.079644185,22.79475878
2022/8/25 19:00,31.04764252,6.077169852,22.78248858
2022/8/25 20:00,31.04849638,6.071935273,22.7759677
2022/8/25 21:00,31.04720144,6.061197984,22.78475149
2022/8/25 22:00,31.04552767,6.054087576,22.78839581
2022/8/25 23:00,31.04568694,6.049727692,22.77803568
2022/8/26 0:00,31.04835007,6.04714672,22.74789238
2022/8/26 1:00,31.05066065,6.041846886,22.74598989
2022/8/26 2:00,31.05063088,6.039459565,22.73050114
2022/8/26 3:00,31.05044745,6.031589817,22.74231347
2022/8/26 4:00,31.05017986,6.021732253,22.76768893
2022/8/26 5:00,31.04979963,6.022321484,22.77086165
2022/8/26 6:00,31.04859516,6.016184017,22.75257214
2022/8/26 7:00,31.04970068,6.017108701,22.73560435
2022/8/26 8:00,31.05025429,6.014936463,22.72518687
2022/8/26 9:00,31.05120402,6.011876531,22.72317063
2022/8/26 10:00,31.05000961,6.007964246,22.68971587
2022/8/26 11:00,31.04943258,6.009717299,22.65800492
2022/8/26 12:00,31.05112611,6.003555204,22.6690621
2022/8/26 13:00,31.05368089,6.017157616,22.66586019
2022/8/26 14:00,31.05636864,6.018547412,22.64254959
2022/8/26 15:00,31.05719457,6.006695283,22.61399675
2022/8/26 16:00,31.05732071,6.003173465,22.607279
2022/8/26 17:00,31.05699534,6.005192637,22.62267831
2022/8/26 18:00,31.05764551,5.998822751,22.62876451
2022/8/26 19:00,31.05786176,6.00084546,22.63288424
2022/8/26 20:00,31.05888044,6.002730503,22.62368625
2022/8/26 21:00,31.05890672,6.004759911,22.62313153
2022/8/26 22:00,31.0550556,6.009396275,22.62062031
2022/8/26 23:00,31.05415913,6.015338569,22.62222135
2022/8/27 0:00,31.05464576,6.031925167,22.62875809
2022/8/27 1:00,31.05630733,6.022633508,22.62955149
2022/8/27 2:00,31.05585283,6.022902028,22.617598
2022/8/27 3:00,31.05615514,6.027799068,22.63465745
2022/8/27 4:00,31.0576852,6.019997177,22.63454249
2022/8/27 5:00,31.06065899,6.015158399,22.64925106
2022/8/27 6:00,31.06020933,6.00493615,22.6477041
2022/8/27 7:00,31.05988486,6.010421921,22.65031363
2022/8/27 8:00,31.05879443,6.006210433,22.66010319
2022/8/27 9:00,31.05941938,6.006579282,22.65734194
2022/8/27 10:00,31.05840193,5.993925436,22.65371688
2022/8/27 11:00,31.05829756,5.983997522,22.6384223
2022/8/27 12:00,31.05891883,5.975089125,22.63618252
2022/8/27 13:00,31.060837,5.978008764,22.6106368
2022/8/27 14:00,31.06090947,5.985676903,22.60867099
2022/8/27 15:00,31.0612364,5.981012962,22.60508745
2022/8/27 16:00,31.06122444,5.980861114,22.60400389
2022/8/27 17:00,31.06443692,5.982401529,22.61603099
2022/8/27 18:00,31.06462351,5.983837558,22.59192117
2022/8/27 19:00,31.06548407,5.979548164,22.56812404
2022/8/27 20:00,31.0675953,5.979884892,22.57183432
2022/8/27 21:00,31.06799227,5.977076699,22.58226619
2022/8/27 22:00,31.06521094,5.967688145,22.59668571
2022/8/27 23:00,31.06480849,5.971643589,22.60766122
2022/8/28 0:00,31.05888426,6.004209751,22.52343263
2022/8/28 1:00,31.05883635,5.993237773,22.53146031
2022/8/28 2:00,31.05859156,6.003208451,22.51511963
2022/8/28 3:00,31.05796683,5.996431963,22.53784119
2022/8/28 4:00,31.0573104,6.008875371,22.55344765
2022/8/28 5:00,31.05756519,6.012827497,22.57119132
2022/8/28 6:00,31.05556546,6.022980188,22.57765687
2022/8/28 7:00,31.05381432,6.03945061,22.57197817
2022/8/28 8:00,31.05268584,6.044404701,22.57409023
2022/8/28 9:00,31.05204931,6.040573786,22.58147871
2022/8/28 10:00,31.05741375,6.060940687,22.4811646
2022/8/28 11:00,31.05677869,6.060561957,22.47261583
2022/8/28 12:00,31.05661638,6.04448431,22.49905024
2022/8/28 13:00,31.05550363,6.064632146,22.5015219
2022/8/28 14:00,31.05345248,6.053494389,22.51183029
2022/8/28 15:00,31.05019697,6.064489191,22.50589036
2022/8/28 16:00,31.04972868,6.074107242,22.49888367
2022/8/28 17:00,31.04824141,6.0800779,22.51404721
2022/8/28 18:00,31.05057328,6.085671027,22.55343375
2022/8/28 19:00,31.05309508,6.083306623,22.58684481
2022/8/28 20:00,31.05612079,6.082917996,22.59394384
2022/8/28 21:00,31.05585296,6.075942251,22.61174856
2022/8/28 22:00,31.05279802,6.086117684,22.61111333
2022/8/28 23:00,31.05369424,6.080399936,22.61831948
2022/8/29 0:00,31.05206677,6.09072136,22.64109869
2022/8/29 1:00,31.05266713,6.097211234,22.66581055
2022/8/29 2:00,31.05138051,6.106094422,22.67105063
2022/8/29 3:00,31.05131271,6.12101977,22.71310593
2022/8/29 4:00,31.0491826,6.121734241,22.70747382
2022/8/29 5:00,31.0492804,6.118789239,22.72095448
2022/8/29 6:00,31.05504588,6.130908596,22.72567102
2022/8/29 7:00,31.05404065,6.123098886,22.7324709
2022/8/29 8:00,31.0543728,6.117471217,22.76422622
2022/8/29 9:00,31.05463443,6.128492969,22.78832394
2022/8/29 10:00,31.05478281,6.134616081,22.78945093
2022/8/29 11:00,31.05514783,6.145955415,22.78297314
2022/8/29 12:00,31.05672251,6.151254991,22.82219817
2022/8/29 13:00,31.05783565,6.156475608,22.84032427
2022/8/29 14:00,31.05952514,6.162380339,22.83338588
2022/8/29 15:00,31.05904179,6.170707396,22.83587232
2022/8/29 16:00,31.05825571,6.175793082,22.83869196
2022/8/29 17:00,31.05907951,6.187198843,22.88003037
2022/8/29 18:00,31.05849656,6.19930136,22.88955479
2022/8/29 19:00,31.05796882,6.212623946,22.9200171
2022/8/29 20:00,31.05661777,6.219693362,22.96284143
2022/8/29 21:00,31.0562956,6.220795632,22.98209599
2022/8/29 22:00,31.05569597,6.220144141,23.00255388
2022/8/29 23:00,31.0542558,6.214178627,22.99460056
2022/8/30 0:00,31.05299871,6.234857756,23.00927209
2022/8/30 1:00,31.05515477,6.246891405,23.00398231
2022/8/30 2:00,31.05561601,6.257508457,22.98430737
2022/8/30 3:00,31.05525823,6.247407339,23.0013204
2022/8/30 4:00,31.05289166,6.259898432,23.01167055
2022/8/30 5:00,31.05260094,6.251491438,23.04570215
2022/8/30 6:00,31.05167497,6.262945868,23.05326576
2022/8/30 7:00,31.04973399,6.290422739,23.07872704
2022/8/30 8:00,31.0478459,6.298837461,23.11986365
2022/8/30 9:00,31.04606793,6.307849661,23.16272004
2022/8/30 10:00,31.04345483,6.292400644,23.17157833
2022/8/30 11:00,31.04254983,6.283226921,23.18092077
2022/8/30 12:00,31.0420311,6.291030616,23.18772079
2022/8/30 13:00,31.0422796,6.284897727,23.19874356
2022/8/30 14:00,31.04035738,6.281070881,23.19219713
2022/8/30 15:00,31.03700867,6.277712482,23.19325292
2022/8/30 16:00,31.0356033,6.268418187,23.1794731
2022/8/30 17:00,31.03301699,6.254311858,23.20088941
2022/8/30 18:00,31.02937353,6.237296234,23.20748822
2022/8/30 19:00,31.02981447,6.23893392,23.21113482
2022/8/30 20:00,31.02833645,6.235321689,23.21777303
2022/8/30 21:00,31.02819753,6.214976659,23.21959433
2022/8/30 22:00,31.02405612,6.222075955,23.22463489
2022/8/30 23:00,31.02107385,6.220444406,23.2531965
2022/8/31 0:00,31.02181991,6.188785883,23.34879055
2022/8/31 1:00,31.01975917,6.197645048,23.36103196
2022/8/31 2:00,31.01926504,6.194408591,23.36034107
2022/8/31 3:00,31.02076746,6.203392218,23.40321702
2022/8/31 4:00,31.01719562,6.186261283,23.42051196
2022/8/31 5:00,31.01552618,6.190431387,23.42816931
2022/8/31 6:00,31.01278144,6.189458468,23.42411631
2022/8/31 7:00,31.01204873,6.184117985,23.45906805
2022/8/31 8:00,31.01145882,6.201235135,23.48237054
2022/8/31 9:00,31.00929045,6.179311369,23.471784
2022/8/31 10:00,30.98946543,6.035831977,23.42503195
2022/8/31 11:00,30.98490961,6.047402724,23.38131297
2022/8/31 12:00,30.98158134,6.046877288,23.38680909
2022/8/31 13:00,30.97942168,6.041651673,23.3998644
2022/8/31 14:00,30.97836462,6.031655101,23.40598729
2022/8/31 15:00,30.97523654,6.037583169,23.40473355
2022/8/31 16:00,30.9739055,6.033086468,23.38751374
2022/8/31 17:00,30.97435907,6.032770143,23.39963097
2022/8/31 18:00,30.97452033,6.027416668,23.40715278
2022/8/31 19:00,30.97561995,6.028371139,23.43043709
2022/8/31 20:00,30.97398431,6.024786882,23.42659194
2022/8/31 21:00,30.97330995,6.022206351,23.42313494
2022/8/31 22:00,30.97195525,6.006197037,23.42519634
2022/8/31 23:00,30.97236082,5.998737552,23.42537058
2022/9/1 0:00,30.96977742,5.999818741,23.40508856
2022/9/1 1:00,30.96931519,5.980479559,23.40937811
2022/9/1 2:00,30.96897217,5.971958033,23.39899789
2022/9/1 3:00,30.96825193,5.969205738,23.41776584
2022/9/1 4:00,30.96763545,5.948646638,23.42506885
2022/9/1 5:00,30.96804349,5.928896179,23.41631718
2022/9/1 6:00,30.96411057,5.911555965,23.41254361
2022/9/1 7:00,30.96479688,5.911245886,23.43698617
2022/9/1 8:00,30.9639258,5.9057877,23.46970686
2022/9/1 9:00,30.96255989,5.895871634,23.48618171
2022/9/1 10:00,30.95992945,5.888355382,23.48635443
2022/9/1 11:00,30.95964134,5.882445756,23.49639959
2022/9/1 12:00,30.95815353,5.860111474,23.50848582
2022/9/1 13:00,30.95888668,5.864378913,23.4827726
2022/9/1 14:00,30.95722847,5.858791598,23.47150422
2022/9/1 15:00,30.95501898,5.856032302,23.46329271
2022/9/1 16:00,30.95642273,5.851046055,23.44506783
2022/9/1 17:00,30.95676746,5.852206647,23.44277091
2022/9/1 18:00,30.95671616,5.847701053,23.43783924
2022/9/1 19:00,30.95758674,5.845563768,23.41764754
2022/9/1 20:00,30.95878505,5.838828792,23.39838136
2022/9/1 21:00,30.95750376,5.824392299,23.40794443
2022/9/1 22:00,30.95749646,5.813422951,23.40290001
2022/9/1 23:00,30.95905568,5.802545691,23.38440887
2022/9/2 0:00,30.96169735,5.798303647,23.34748978
2022/9/2 1:00,30.96348578,5.790583238,23.3401871
2022/9/2 2:00,30.96355886,5.787280784,23.31142689
2022/9/2 3:00,30.96302711,5.7818462,23.31284927
2022/9/2 4:00,30.96266562,5.768700111,23.33812658
2022/9/2 5:00,30.96153058,5.766056286,23.3200939
2022/9/2 6:00,30.96105537,5.768945594,23.29796375
2022/9/2 7:00,30.96277232,5.767222051,23.27338325
2022/9/2 8:00,30.96420435,5.757044963,23.28871594
2022/9/2 9:00,30.96566104,5.76286338,23.29789519
2022/9/2 10:00,30.96357472,5.753383495,23.29229043
2022/9/2 11:00,30.96494317,5.755815458,23.2756993
2022/9/2 12:00,30.96715712,5.755098341,23.27679062
2022/9/2 13:00,30.96813365,5.773172105,23.26906967
2022/9/2 14:00,30.97064453,5.778205771,23.25094681
2022/9/2 15:00,30.97243593,5.773658567,23.2189875
2022/9/2 16:00,30.97370308,5.76923541,23.21591428
2022/9/2 17:00,30.97335405,5.76939076,23.22617528
2022/9/2 18:00,30.97289726,5.765973284,23.23011873
2022/9/2 19:00,30.97229239,5.766683103,23.23390204
2022/9/2 20:00,30.97282156,5.77393889,23.22120856
2022/9/2 21:00,30.97313468,5.773589931,23.21469784
2022/9/2 22:00,30.97107912,5.774776434,23.20028715
2022/9/2 23:00,30.97124201,5.777683836,23.19413211
2022/9/3 0:00,30.97229138,5.794458592,23.1939085
2022/9/3 1:00,30.97385009,5.782084462,23.18050481
2022/9/3 2:00,30.97381548,5.77976845,23.16119318
2022/9/3 3:00,30.97547225,5.786775328,23.16330667
2022/9/3 4:00,30.97765295,5.777883713,23.1652122
2022/9/3 5:00,30.9812189,5.766662417,23.16893038
2022/9/3 6:00,30.98215773,5.760801772,23.1715026
2022/9/3 7:00,30.98167774,5.767301879,23.17688713
2022/9/3 8:00,30.98137991,5.755840609,23.21091687
2022/9/3 9:00,30.98299388,5.76126717,23.22017674
2022/9/3 10:00,30.98239114,5.746660633,23.23896002
2022/9/3 11:00,30.98402913,5.732722704,23.24050803
2022/9/3 12:00,30.98642759,5.7328991,23.21815817
2022/9/3 13:00,30.9881418,5.737908553,23.18022207
2022/9/3 14:00,30.98776282,5.750423955,23.19333087
2022/9/3 15:00,30.9887997,5.755913524,23.19333955
2022/9/3 16:00,30.99006708,5.749669075,23.20131539
2022/9/3 17:00,30.99408123,5.751848751,23.20416096
2022/9/3 18:00,30.99314378,5.75720631,23.18202267
2022/9/3 19:00,30.99302341,5.749032443,23.16433671
2022/9/3 20:00,30.99432191,5.759220809,23.16498315
2022/9/3 21:00,30.99522536,5.756013346,23.17489976
2022/9/3 22:00,30.99461562,5.747828493,23.17944421
2022/9/3 23:00,30.99523432,5.749308409,23.18606314
2022/9/4 0:00,30.99081197,5.773474861,23.10980635
2022/9/4 1:00,30.98988446,5.758645815,23.10592873
2022/9/4 2:00,30.98995688,5.767341362,23.09113231
2022/9/4 3:00,30.98982194,5.759402455,23.09872117
2022/9/4 4:00,30.98942828,5.769562938,23.11467472
2022/9/4 5:00,30.98936463,5.766741873,23.11841126
2022/9/4 6:00,30.98767176,5.785693354,23.13065279
2022/9/4 7:00,30.98588706,5.797359344,23.12431235
2022/9/4 8:00,30.98519494,5.799458946,23.14662351
2022/9/4 9:00,30.98503935,5.795883057,23.16545321
2022/9/4 10:00,30.99057555,5.825623243,23.09357655
2022/9/4 11:00,30.99103441,5.826904378,23.10045232
2022/9/4 12:00,30.99156511,5.819878112,23.11540976
2022/9/4 13:00,30.98979953,5.838236172,23.11943086
2022/9/4 14:00,30.98740727,5.822308914,23.14599749
2022/9/4 15:00,30.98568752,5.839024763,23.14013502
2022/9/4 16:00,30.98656176,5.839976485,23.13655689
2022/9/4 17:00,30.98563279,5.84136507,23.13582336
2022/9/4 18:00,30.98671742,5.851035224,23.1655291
2022/9/4 19:00,30.98835781,5.846065382,23.18913967
2022/9/4 20:00,30.9900501,5.84999815,23.19411752
2022/9/4 21:00,30.98881157,5.847893531,23.21266277
2022/9/4 22:00,30.9870158,5.855711753,23.2052705
2022/9/4 23:00,30.98888333,5.852451072,23.20918742
2022/9/5 0:00,30.98668539,5.858421863,23.22692855
2022/9/5 1:00,30.98601919,5.860238806,23.25013184
2022/9/5 2:00,30.98376974,5.868997544,23.27116021
2022/9/5 3:00,30.98271954,5.877707719,23.29695442
2022/9/5 4:00,30.98037985,5.875832872,23.28698422
2022/9/5 5:00,30.97972217,5.867321243,23.28883753
2022/9/5 6:00,30.98445123,5.880915913,23.29772379
2022/9/5 7:00,30.98225256,5.869701752,23.30603765
2022/9/5 8:00,30.98183006,5.859064067,23.35081102
2022/9/5 9:00,30.98230262,5.874998126,23.38331131
2022/9/5 10:00,30.98173335,5.891664644,23.40221304
2022/9/5 11:00,30.98259635,5.902563884,23.40966156
2022/9/5 12:00,30.98563915,5.917672523,23.43933383
2022/9/5 13:00,30.9862703,5.925276132,23.46122269
2022/9/5 14:00,30.98735441,5.934547944,23.46666894
2022/9/5 15:00,30.98777613,5.944330483,23.47361479
2022/9/5 16:00,30.98794163,5.94593423,23.48711943
2022/9/5 17:00,30.98908189,5.956302806,23.51449998
2022/9/5 18:00,30.98679405,5.970518757,23.51729278
2022/9/5 19:00,30.98461306,5.981016111,23.53892224
2022/9/5 20:00,30.98330484,5.996451513,23.57510941
2022/9/5 21:00,30.98250478,6.005419038,23.59953052
2022/9/5 22:00,30.98356795,6.000827924,23.62435139
2022/9/5 23:00,30.98349514,6.003705967,23.61188192
2022/9/6 0:00,30.98316592,6.025064409,23.61789852
2022/9/6 1:00,30.98487093,6.032378372,23.60948968
2022/9/6 2:00,30.98525149,6.039409485,23.60008988
2022/9/6 3:00,30.98421658,6.02787138,23.58937191
2022/9/6 4:00,30.98188421,6.0451745,23.59803251
2022/9/6 5:00,30.98091547,6.033973807,23.62394843
2022/9/6 6:00,30.98043382,6.051325117,23.63626406
2022/9/6 7:00,30.97725422,6.080639352,23.65933041
2022/9/6 8:00,30.97521771,6.089072403,23.70040679
2022/9/6 9:00,30.97421946,6.103782742,23.74367536
2022/9/6 10:00,30.97113834,6.099018375,23.76969451
2022/9/6 11:00,30.97110366,6.08841009,23.78942818
2022/9/6 12:00,30.97200953,6.102684485,23.78568946
2022/9/6 13:00,30.97242703,6.093361388,23.80628606
2022/9/6 14:00,30.97038346,6.087684102,23.81231966
2022/9/6 15:00,30.96799229,6.080545093,23.8227795
2022/9/6 16:00,30.96695952,6.065176477,23.82198644
2022/9/6 17:00,30.96352379,6.041474125,23.82890526
2022/9/6 18:00,30.95788314,6.025313985,23.83159396
2022/9/6 19:00,30.95636385,6.018643906,23.82880524
2022/9/6 20:00,30.95357703,6.02242202,23.83764672
2022/9/6 21:00,30.95271836,6.003551854,23.83216798
2022/9/6 22:00,30.94952416,6.00700808,23.83573907
2022/9/6 23:00,30.94706522,6.022523743,23.87122312
2022/9/7 0:00,30.94908685,5.973458056,23.98823097
2022/9/7 1:00,30.94620933,5.981239035,23.9983689
2022/9/7 2:00,30.9454504,5.971765188,24.01352404
2022/9/7 3:00,30.94602428,5.986191987,24.03511599
2022/9/7 4:00,30.94243516,5.971987822,24.05002351
2022/9/7 5:00,30.94043173,5.983139261,24.05435747
2022/9/7 6:00,30.93802756,5.980737572,24.05265276
2022/9/7 7:00,30.93589816,5.976757012,24.09232186
2022/9/7 8:00,30.93563016,5.995640527,24.10325505
2022/9/7 9:00,30.93382099,5.969825454,24.08489221
2022/9/7 10:00,30.90946689,5.794395492,24.05302235
2022/9/7 11:00,30.90439073,5.809200064,24.00848409
2022/9/7 12:00,30.90221395,5.820756774,24.00051397
2022/9/7 13:00,30.90066946,5.809945236,24.02169509
2022/9/7 14:00,30.90016897,5.796816221,24.04234555
2022/9/7 15:00,30.89809523,5.799698078,24.04605221
2022/9/7 16:00,30.89679206,5.792637627,24.04018788
2022/9/7 17:00,30.8979751,5.785480154,24.03949424
2022/9/7 18:00,30.89743867,5.782124748,24.03985354
2022/9/7 19:00,30.89734251,5.773443523,24.05853667
2022/9/7 20:00,30.89472851,5.776216471,24.05876607
2022/9/7 21:00,30.89362983,5.780722659,24.05216403
2022/9/7 22:00,30.89360364,5.758974666,24.0576133
2022/9/7 23:00,30.8948099,5.770400987,24.05933379
2022/9/8 0:00,30.8915026,5.763896595,24.0218893
2022/9/8 1:00,30.89045171,5.734319785,24.02947712
2022/9/8 2:00,30.88976376,5.72330848,24.0350218
2022/9/8 3:00,30.88752128,5.721983662,24.03119614
2022/9/8 4:00,30.8871694,5.708880046,24.0350328
2022/9/8 5:00,30.887173,5.691973334,24.02214796
2022/9/8 6:00,30.88201426,5.671166219,24.01685772
2022/9/8 7:00,30.88158814,5.673908796,24.04009661
2022/9/8 8:00,30.88027117,5.66684743,24.05633994
2022/9/8 9:00,30.87905327,5.65108163,24.06998323
2022/9/8 10:00,30.87665385,5.654617869,24.07405755
2022/9/8 11:00,30.87568363,5.641113669,24.09924915
2022/9/8 12:00,30.87503369,5.615587947,24.11571892
2022/9/8 13:00,30.87647787,5.625657727,24.08355151
2022/9/8 14:00,30.87472907,5.62325671,24.07415348
2022/9/8 15:00,30.87347044,5.614170348,24.06770707
2022/9/8 16:00,30.87526173,5.606443465,24.05701709
2022/9/8 17:00,30.87540858,5.600954268,24.04328007
2022/9/8 18:00,30.87473356,5.594188773,24.03508871
2022/9/8 19:00,30.87456544,5.583257033,24.00410654
2022/9/8 20:00,30.87586993,5.574983715,23.98064678
2022/9/8 21:00,30.87343385,5.565600489,23.99635205
2022/9/8 22:00,30.87455869,5.545035282,23.99684765
2022/9/8 23:00,30.87718865,5.55178186,23.98125908
2022/9/9 0:00,30.87971037,5.533491013,23.95316109
2022/9/9 1:00,30.8812752,5.531474635,23.94787976
2022/9/9 2:00,30.88132938,5.525837385,23.93074781
2022/9/9 3:00,30.87926931,5.522191272,23.91466781
2022/9/9 4:00,30.87942136,5.517937058,23.93470389
2022/9/9 5:00,30.877501,5.521624717,23.91115892
2022/9/9 6:00,30.87762341,5.518895224,23.88500891
2022/9/9 7:00,30.87855186,5.514896588,23.84873005
2022/9/9 8:00,30.87972014,5.49600221,23.8382569
2022/9/9 9:00,30.8815841,5.510422289,23.83863207
2022/9/9 10:00,30.8790699,5.509428949,23.84345574
2022/9/9 11:00,30.8795958,5.519526725,23.82080956
2022/9/9 12:00,30.88316697,5.534515699,23.81370062
2022/9/9 13:00,30.88486018,5.549418995,23.81632304
2022/9/9 14:00,30.88882011,5.553596086,23.8046249
2022/9/9 15:00,30.8922797,5.538762423,23.77110187
2022/9/9 16:00,30.8934313,5.532851052,23.77847323
2022/9/9 17:00,30.89307989,5.523795253,23.78525437
2022/9/9 18:00,30.89235802,5.517172063,23.78852237
2022/9/9 19:00,30.89071965,5.509177133,23.78990302
2022/9/9 20:00,30.89069416,5.517353904,23.78360207
2022/9/9 21:00,30.89047162,5.519890269,23.77544032
2022/9/9 22:00,30.889328,5.512601807,23.76360032
2022/9/9 23:00,30.89007368,5.534197899,23.75898322
2022/9/10 0:00,30.89225765,5.537119979,23.78061966
2022/9/10 1:00,30.8943286,5.536333429,23.7617882
2022/9/10 2:00,30.89503422,5.532599632,23.75073254
2022/9/10 3:00,30.89751614,5.544043878,23.73941274
2022/9/10 4:00,30.90092916,5.547555999,23.73655676
2022/9/10 5:00,30.9050312,5.538001575,23.74517725
2022/9/10 6:00,30.90754273,5.521917297,23.74873726
2022/9/10 7:00,30.90632116,5.528123071,23.74958618
2022/9/10 8:00,30.90572082,5.509236362,23.75406921
2022/9/10 9:00,30.90799288,5.521264663,23.75432818
2022/9/10 10:00,30.90792053,5.509613418,23.77841254
2022/9/10 11:00,30.9081836,5.499399429,23.77722581
2022/9/10 12:00,30.91246742,5.51792355,23.74187633
2022/9/10 13:00,30.91608405,5.518253047,23.70045522
2022/9/10 14:00,30.91703017,5.531908731,23.72278205
2022/9/10 15:00,30.91903693,5.533650601,23.72426054
2022/9/10 16:00,30.91996258,5.520271287,23.73968163
2022/9/10 17:00,30.92437739,5.517040401,23.74163002
2022/9/10 18:00,30.92368878,5.52054548,23.72543873
2022/9/10 19:00,30.9231518,5.503489961,23.71306527
2022/9/10 20:00,30.92349441,5.514984843,23.7197979
2022/9/10 21:00,30.92430447,5.513518303,23.73201835
2022/9/10 22:00,30.92457832,5.50349322,23.73911235
2022/9/10 23:00,30.92535013,5.517809746,23.74833023
2022/9/11 0:00,30.92460341,5.514505986,23.73310631
2022/9/11 1:00,30.92359692,5.515376953,23.72557573
2022/9/11 2:00,30.92478923,5.527169288,23.71838774
2022/9/11 3:00,30.9253192,5.522600186,23.71853546
2022/9/11 4:00,30.92556572,5.544477911,23.72672326
2022/9/11 5:00,30.92503737,5.54011627,23.72982627
2022/9/11 6:00,30.9239785,5.554112733,23.74271417
2022/9/11 7:00,30.92224256,5.557890496,23.72521567
2022/9/11 8:00,30.92078121,5.557737759,23.71808035
2022/9/11 9:00,30.92038264,5.558221626,23.72909762
2022/9/11 10:00,30.92615006,5.594190975,23.67033956
2022/9/11 11:00,30.92431918,5.605536615,23.675907
2022/9/11 12:00,30.92461651,5.616902359,23.68953708
2022/9/11 13:00,30.92391735,5.628721465,23.69814539
2022/9/11 14:00,30.9231439,5.605521376,23.73006724
2022/9/11 15:00,30.92284782,5.617381534,23.71933795
2022/9/11 16:00,30.92310504,5.607377654,23.70983531
2022/9/11 17:00,30.92227671,5.600148431,23.70648279
2022/9/11 18:00,30.92371453,5.608365102,23.733588
2022/9/11 19:00,30.92559945,5.599048934,23.74825837
2022/9/11 20:00,30.9255518,5.595746061,23.75743702
2022/9/11 21:00,30.92283077,5.59879997,23.77897451
2022/9/11 22:00,30.92060239,5.604629443,23.77424714
2022/9/11 23:00,30.92203011,5.609365717,23.77980228
2022/9/12 0:00,30.92254503,5.591996415,23.86007921
2022/9/12 1:00,30.92137454,5.610304951,23.89030027
2022/9/12 2:00,30.91934256,5.627457092,23.92598895
2022/9/12 3:00,30.91812455,5.63537519,23.94837724
2022/9/12 4:00,30.91580182,5.643744376,23.92642866
2022/9/12 5:00,30.91420255,5.631306295,23.92495997
2022/9/12 6:00,30.91785915,5.633947428,23.93198347
2022/9/12 7:00,30.91527691,5.614093774,23.92830258
2022/9/12 8:00,30.91285193,5.600600932,23.94492586
2022/9/12 9:00,30.91245962,5.627502236,23.96986274
2022/9/12 10:00,30.91182204,5.645810094,23.98531499
2022/9/12 11:00,30.90989616,5.663832792,23.99472353
2022/9/12 12:00,30.91236179,5.696559409,24.02745062
2022/9/12 13:00,30.91365481,5.706309729,24.05024383
2022/9/12 14:00,30.91613452,5.719499657,24.0531373
2022/9/12 15:00,30.91720034,5.722645638,24.05796288
2022/9/12 16:00,30.91638373,5.717766435,24.06637398
2022/9/12 17:00,30.91722797,5.72587527,24.09596179
2022/9/12 18:00,30.91489906,5.736642388,24.10217061
2022/9/12 19:00,30.91255194,5.746308987,24.11647035
2022/9/12 20:00,30.91091377,5.756800445,24.14602866
2022/9/12 21:00,30.90923843,5.773079334,24.17718647
2022/9/12 22:00,30.90990942,5.76913137,24.21054587
2022/9/12 23:00,30.90930607,5.776062908,24.1969584
2022/9/13 0:00,30.91408599,5.782090017,24.2696098
2022/9/13 1:00,30.91603239,5.804415359,24.26847651
2022/9/13 2:00,30.91773291,5.818909917,24.26475045
2022/9/13 3:00,30.91718032,5.811049069,24.24367238
2022/9/13 4:00,30.91504047,5.842888562,24.24463761
2022/9/13 5:00,30.91335357,5.828241262,24.2646066
2022/9/13 6:00,30.91326505,5.841171309,24.27596875
2022/9/13 7:00,30.91039063,5.864936268,24.2795818
2022/9/13 8:00,30.90705908,5.877940331,24.28889988
2022/9/13 9:00,30.90555376,5.905830061,24.31921993
2022/9/13 10:00,30.90286405,5.89757777,24.33922863
2022/9/13 11:00,30.90095334,5.891487797,24.3615614
2022/9/13 12:00,30.90025984,5.917095869,24.36111709
2022/9/13 13:00,30.90132286,5.909693528,24.38350749
2022/9/13 14:00,30.90125349,5.906063958,24.38556715
2022/9/13 15:00,30.89968157,5.888546815,24.3999772
2022/9/13 16:00,30.89730752,5.863800381,24.39424497
2022/9/13 17:00,30.89229508,5.832353743,24.40444764
2022/9/13 18:00,30.88622009,5.811447883,24.4155987
2022/9/13 19:00,30.88420835,5.801524294,24.40920298
2022/9/13 20:00,30.8795524,5.799695577,24.41560913
2022/9/13 21:00,30.87763488,5.780322271,24.40131425
2022/9/13 22:00,30.87311419,5.788544934,24.39973097
2022/9/13 23:00,30.86879615,5.807371724,24.44513106
2022/9/14 0:00,30.89008465,5.634208258,24.85270606
2022/9/14 1:00,30.88790716,5.663803563,24.85779666
2022/9/14 2:00,30.88942421,5.66182932,24.88125979
2022/9/14 3:00,30.89097729,5.681777695,24.89454383
2022/9/14 4:00,30.88736937,5.683507454,24.89245108
2022/9/14 5:00,30.88594107,5.693387354,24.89356225
2022/9/14 6:00,30.8868977,5.68253947,24.89499663
2022/9/14 7:00,30.88500476,5.672441472,24.9240596
2022/9/14 8:00,30.88343076,5.693899068,24.90969787
2022/9/14 9:00,30.88082576,5.674995824,24.88422393
2022/9/14 10:00,30.85817609,5.48015744,24.80870227
2022/9/14 11:00,30.85003174,5.510252535,24.75060733
2022/9/14 12:00,30.84518151,5.547292627,24.72795023
2022/9/14 13:00,30.8446046,5.526267403,24.75280601
2022/9/14 14:00,30.84825372,5.506801799,24.78149156
2022/9/14 15:00,30.84685338,5.499053573,24.79000556
2022/9/14 16:00,30.84330496,5.480855126,24.77934942
2022/9/14 17:00,30.84690967,5.467718024,24.78174864
2022/9/14 18:00,30.84718881,5.461847595,24.79317763
2022/9/14 19:00,30.8479544,5.447754451,24.81836623
2022/9/14 20:00,30.84073639,5.446870338,24.82235401
2022/9/14 21:00,30.83829116,5.451035201,24.80953852
2022/9/14 22:00,30.83722276,5.431986361,24.81208293
2022/9/14 23:00,30.83581063,5.434334532,24.82075553
2022/9/15 0:00,30.83366556,5.436040393,24.79153376
2022/9/15 1:00,30.83179438,5.40006499,24.81703496
2022/9/15 2:00,30.83193744,5.403866831,24.83389428
2022/9/15 3:00,30.83035914,5.404220076,24.83206723
2022/9/15 4:00,30.83041072,5.39322664,24.83121283
2022/9/15 5:00,30.83041866,5.3737803,24.80666152
2022/9/15 6:00,30.81747789,5.336731912,24.79366939
2022/9/15 7:00,30.81824135,5.336299393,24.80091005
2022/9/15 8:00,30.81581025,5.335092328,24.78646374
2022/9/15 9:00,30.81306948,5.312373207,24.78311094
2022/9/15 10:00,30.810187,5.302277569,24.77926262
2022/9/15 11:00,30.80786786,5.277600926,24.82692639
2022/9/15 12:00,30.80381879,5.239844873,24.85934213
2022/9/15 13:00,30.80476272,5.275635008,24.80579946
2022/9/15 14:00,30.80324578,5.291238659,24.77223629
2022/9/15 15:00,30.8027162,5.272624793,24.75407662
2022/9/15 16:00,30.80559999,5.262435816,24.71962474
2022/9/15 17:00,30.80475818,5.258469004,24.69764271
2022/9/15 18:00,30.80501784,5.241211734,24.6905941
2022/9/15 19:00,30.80635236,5.233592268,24.63325685
2022/9/15 20:00,30.8107468,5.210726887,24.55545542
2022/9/15 21:00,30.80770024,5.202341524,24.56772121
2022/9/15 22:00,30.80704961,5.185016133,24.54842134
2022/9/15 23:00,30.8090397,5.18544983,24.53499561
2022/9/16 0:00,30.81353345,5.176657022,24.51972341
2022/9/16 1:00,30.81515781,5.175641469,24.54722543
2022/9/16 2:00,30.81501763,5.174427664,24.55172293
2022/9/16 3:00,30.81139487,5.169974295,24.54916914
2022/9/16 4:00,30.81273902,5.164452402,24.5577806
2022/9/16 5:00,30.81106402,5.183459763,24.50836007
2022/9/16 6:00,30.81308079,5.172634126,24.46801282
2022/9/16 7:00,30.81709585,5.153731465,24.3856519
2022/9/16 8:00,30.81864568,5.14015465,24.32294654
2022/9/16 9:00,30.82027185,5.161389113,24.28046444
2022/9/16 10:00,30.81731785,5.155827966,24.26581808
2022/9/16 11:00,30.81854275,5.170586935,24.23146669
2022/9/16 12:00,30.81986087,5.181297475,24.23400792
2022/9/16 13:00,30.82044479,5.215637407,24.23150222
2022/9/16 14:00,30.82720612,5.230180283,24.2085281
2022/9/16 15:00,30.83342622,5.20222083,24.17851815
2022/9/16 16:00,30.83483795,5.195639806,24.19276596
2022/9/16 17:00,30.83347949,5.186316231,24.20787239
2022/9/16 18:00,30.8336384,5.169844203,24.21862295
2022/9/16 19:00,30.83075642,5.162991742,24.22481353
2022/9/16 20:00,30.82956526,5.170057713,24.21532652
2022/9/16 21:00,30.8292254,5.159938703,24.16685545
2022/9/16 22:00,30.82769323,5.152169694,24.1127971
2022/9/16 23:00,30.8271946,5.176935969,24.11515302
2022/9/17 0:00,30.8326615,5.186897707,24.17696996
2022/9/17 1:00,30.83628246,5.188612665,24.17138939
2022/9/17 2:00,30.8377384,5.185826491,24.1824181
2022/9/17 3:00,30.84174437,5.205447255,24.20140632
2022/9/17 4:00,30.84765405,5.219533614,24.1888985
2022/9/17 5:00,30.85598113,5.226112609,24.20144768
2022/9/17 6:00,30.86380177,5.207501586,24.20763088
2022/9/17 7:00,30.86605635,5.231237513,24.19539029
2022/9/17 8:00,30.86675209,5.223414743,24.15853214
2022/9/17 9:00,30.86947613,5.229255869,24.13098733
2022/9/17 10:00,30.86979691,5.190862692,24.14328566
2022/9/17 11:00,30.87240863,5.176221526,24.14611447
2022/9/17 12:00,30.87646295,5.193595406,24.09750953
2022/9/17 13:00,30.88088361,5.20250308,24.03552719
2022/9/17 14:00,30.88427252,5.235045488,24.05548752
2022/9/17 15:00,30.88773717,5.230295004,24.07254967
2022/9/17 16:00,30.88896421,5.212081529,24.10486054
2022/9/17 17:00,30.8935194,5.212133734,24.11416937
2022/9/17 18:00,30.89478893,5.21362481,24.09497863
2022/9/17 19:00,30.8946582,5.192914868,24.08486521
2022/9/17 20:00,30.89240319,5.205942853,24.09300757
2022/9/17 21:00,30.89445369,5.177317327,24.07463661
2022/9/17 22:00,30.89405353,5.170942659,24.04440758
2022/9/17 23:00,30.89191316,5.190467532,24.06631842
2022/9/18 0:00,30.89092802,5.209330756,24.0601411
2022/9/18 1:00,30.88964516,5.213455195,24.07127895
2022/9/18 2:00,30.89034463,5.223392549,24.10490325
2022/9/18 3:00,30.89211974,5.214655543,24.14847031
2022/9/18 4:00,30.89341952,5.232096555,24.14496388
2022/9/18 5:00,30.89515268,5.253711788,24.15651418
2022/9/18 6:00,30.89452292,5.278467519,24.18236955
2022/9/18 7:00,30.89615789,5.294473966,24.16609538
2022/9/18 8:00,30.89489586,5.306587687,24.13413262
2022/9/18 9:00,30.89277666,5.277149346,24.11208407
2022/9/18 10:00,30.89697132,5.316828199,24.08401702
2022/9/18 11:00,30.89600255,5.333534164,24.09997646
2022/9/18 12:00,30.8929815,5.343064035,24.11240931
2022/9/18 13:00,30.89062237,5.35533962,24.13997523
2022/9/18 14:00,30.89023751,5.329584551,24.17290585
2022/9/18 15:00,30.89100103,5.340530581,24.16606433
2022/9/18 16:00,30.89171982,5.324281377,24.16013641
2022/9/18 17:00,30.89040616,5.311924071,24.15781824
2022/9/18 18:00,30.89337586,5.313047669,24.18077445
2022/9/18 19:00,30.89603991,5.312501911,24.19862215
2022/9/18 20:00,30.89382428,5.297300826,24.1959765
2022/9/18 21:00,30.89008371,5.275882785,24.17411689
2022/9/18 22:00,30.88638685,5.275822659,24.12746958
2022/9/18 23:00,30.88623064,5.28040672,24.15501214
2022/9/19 0:00,30.87917705,5.302465271,24.20599635
2022/9/19 1:00,30.87540816,5.310036818,24.29647193
2022/9/19 2:00,30.86878369,5.328575225,24.41057325
2022/9/19 3:00,30.8673376,5.337755027,24.49157455
2022/9/19 4:00,30.86569117,5.335856065,24.44746148
2022/9/19 5:00,30.86565643,5.348542252,24.45402606
2022/9/19 6:00,30.87038678,5.354475673,24.45920691
2022/9/19 7:00,30.87107,5.356120109,24.46549105
2022/9/19 8:00,30.86954833,5.357181657,24.45889002
2022/9/19 9:00,30.8676869,5.357735462,24.44455038
2022/9/19 10:00,30.86820547,5.388479008,24.4379752
2022/9/19 11:00,30.86865925,5.400877176,24.46601937
2022/9/19 12:00,30.86933834,5.417872937,24.50837906
2022/9/19 13:00,30.86893834,5.442204397,24.54051986
2022/9/19 14:00,30.87063408,5.46709033,24.53042242
2022/9/19 15:00,30.87167166,5.467920413,24.55068582
2022/9/19 16:00,30.87160099,5.46330784,24.57610849
2022/9/19 17:00,30.87192754,5.475533567,24.60945495
2022/9/19 18:00,30.87069024,5.480971283,24.60598674
2022/9/19 19:00,30.86789122,5.502266499,24.61292758
2022/9/19 20:00,30.86655185,5.507324957,24.63716306
2022/9/19 21:00,30.86691189,5.496326656,24.62124266
2022/9/19 22:00,30.86781355,5.481668307,24.61623534
2022/9/19 23:00,30.86674232,5.502852237,24.61438617
2022/9/20 0:00,30.86706869,5.559602423,24.63029166
2022/9/20 1:00,30.86908708,5.576115351,24.67255144
2022/9/20 2:00,30.86926429,5.583640679,24.72545515
2022/9/20 3:00,30.86903368,5.580848557,24.75945224
2022/9/20 4:00,30.867631,5.606291654,24.74357072
2022/9/20 5:00,30.86824155,5.622056512,24.77674982
2022/9/20 6:00,30.87343682,5.657565723,24.79667248
2022/9/20 7:00,30.87639623,5.721152538,24.81812631
2022/9/20 8:00,30.87615875,5.763187283,24.7922244
2022/9/20 9:00,30.87381153,5.762253826,24.77105902
2022/9/20 10:00,30.87217625,5.752170686,24.76236235
2022/9/20 11:00,30.87456802,5.736783207,24.80746524
2022/9/20 12:00,30.87122825,5.733892842,24.81482732
2022/9/20 13:00,30.86931817,5.727509584,24.84504957
2022/9/20 14:00,30.86760412,5.735703594,24.82893969
2022/9/20 15:00,30.86525093,5.71332554,24.86832137
2022/9/20 16:00,30.8632835,5.692719881,24.88443817
2022/9/20 17:00,30.8525722,5.651901649,24.89695058
2022/9/20 18:00,30.84820083,5.63222418,24.89552589
2022/9/20 19:00,30.8461009,5.625578926,24.88011245
2022/9/20 20:00,30.83765506,5.61739633,24.89304532
2022/9/20 21:00,30.83717136,5.548414742,24.80280634
2022/9/20 22:00,30.83100871,5.540672985,24.74308359
2022/9/20 23:00,30.82370837,5.584890719,24.81827721
2022/9/21 0:00,30.82348199,5.568627172,24.91430688
2022/9/21 1:00,30.81876607,5.586253532,24.98895532
2022/9/21 2:00,30.81549915,5.555071749,25.08200651
2022/9/21 3:00,30.81526255,5.60073984,25.17401802
2022/9/21 4:00,30.81163713,5.566905446,25.16285323
2022/9/21 5:00,30.81207146,5.637644897,25.18537243
2022/9/21 6:00,30.81300191,5.637129435,25.18382009
2022/9/21 7:00,30.81680762,5.672228864,25.24452657
2022/9/21 8:00,30.82079144,5.733855546,25.17581539
2022/9/21 9:00,30.81573768,5.65134391,25.0580926
